jeaniehornung	1	4
gecareers	1	4
jlopez255	1	25
user/14826826	1	2
premiumfunny	1	2
scott_guay	1	1
westwordstreet	1	18
user/23901896	1	4
totallytobin	1	18
reedsmith	1	38
beaulebens	1	6
user/13967818	1	2
vintagejohnny	1	21
emilypfister	1	4
user/11546593	1	3
yoplaityogurt	1	9
user/31418525	1	1
trikell27	1	7
user/38112968	1	8
dedlam	1	15
iceshan	1	82
user/26455351	1	23
seasurgzevents	1	57
dancontarino	1	53
user/1161588	1	5
extratv	1	23
user/16840707	1	1
meghanpgill	1	5
rahul_90	1	4
davjphillips	1	5
gr8socialmedia	1	4
user/19175697	1	61
user/2521421	1	17
kristerdunn	1	1
user/137497	1	6
flo_seyfried	1	4
andrew__arias	1	1
zipcar	1	23
user/14100663	1	1
nancypelosi	1	19
dukeu	1	17
goddardmike	1	49
premierguideme	1	1
margie228	1	8
jeneen7	1	18
dales777	1	17
adamhr	1	1
user/23536903	1	7
user/11232138	1	1
modelmandylynn	1	41
boundarybay	1	28
user/18287205	1	2
user/39446235	1	6
user/24487416	1	2
user/28150306	1	2
ramashanker3887	1	10
maneeeka	1	11
user/2430271	1	4
user/11921365	1	2
treytakahashi	1	49
akiramorikawa	1	81
minniepixiestyx	1	23
user/37416906	1	35
user/14203204	1	3
davidostrander	1	1
bikerswelcomeus	1	17
user/21027434	1	18
tedcurtin	1	23
dizzydeeann	1	5
yayishbecca	1	1
user/34681187	1	2
user/2472336	1	50
djsleeper	1	38
bethavner	1	5
snoram777	1	10
fearlessrecords	1	8
historychannel	1	379
bnbrand	1	7
mvaughn1174	1	11
kosherfoodies	1	2
user/14665312	1	4
p/advertising-week/2380335	1	42
beejer	1	104
vinvickery	1	9
thutee	1	3
shearerpainting	1	2
libedon	1	3
user/162465	1	4
randipandee	1	3
cammipham	1	27
lontae_j	1	3
ajioh_shoshukan	1	3
user/39041637	1	16
vegascom	1	12
user/7639603	1	1
hayitsalexis	1	10
user/22108021	1	4
user/22811892	1	4
brad_justus	1	94
shellyb_fit	1	49
user/41515020	1	1
user/815863	1	1
user/1120983	1	3
user/1784053	1	1
vmartinez8260	1	4
user/7800190	1	2
osyrn	1	3
user/12974777	1	3
mollysbrawley	1	6
kslicer	1	1
user/11738847	1	2
user/208343	1	1
australianopen	1	10
user/8683547	1	14
jonathanesmith	1	18
los_corrales	1	1
rockies	1	8
user/17097573	1	14
user/13478974	1	19
gladstonehotel	1	19
vanessatittle	1	3
captcruz	1	66
joemarchese	1	42
bexaoanan	1	6
dallascowboys	1	22
supercrosslive	1	14
nycsidewalker	1	24
user/2482668	1	2
travnation80	1	23
forgen	1	15
user/838976	1	1
sdanzeiser	1	3
jwithrow115	1	1
vanswarpedtour	1	31
nationalpost	1	180
pat_stahl	1	92
user/2238988	1	2
user/9930617	1	10
lamhookem	1	5
user/2882626	1	13
user/40205703	1	32
amalucky	1	27
ivillage	1	26
robbie_rob21	1	18
roxyolin	1	7
chasenews	1	2
irockdenver	1	1
dbmagazine	1	8
user/15842330	1	11
user/2823549	1	3
path	1	17
rondostar	1	39
elisabethholby	1	12
bergdorfs	1	43
richardchasse	1	9
porcalina	1	4
alex_baburin	1	3
only1winsome	1	24
user/836617	1	3
bk2gther	1	51
dcfemella	1	34
user/41183676	1	23
tristanwalker	1	50
user/13667870	1	13
user/2031053	1	9
bobbibillard	1	78
yaratnam	1	24
hotbarchick	1	8
user/1314237	1	1
brittrashelle	1	3
user/28727969	1	1
nielsenwire	1	5
mistersugar	1	5
sparktacoma	1	21
getlikeme20123	1	68
leadinghotels	1	15
jimohagan	1	2
queenofspain	1	44
user/29803399	1	1
instyle	1	146
timfalls	1	16
user/17552935	1	2
benmcconnell	1	41
reflectitwear	1	1
user/24834456	1	9
gnclivewell	1	27
sung_h_lee	1	52
user/41414582	1	1
ashleylaurend	1	3
user/4046544	1	6
jhski	1	12
barcelonette2	1	5
user/4349300	1	1
_226730874335	1	2
drmwba	1	11
kahbang	1	5
guiarepsol	1	2
numerical_dino	1	3
marybaum20	1	14
user/4346359	1	3
user/27712395	1	53
a_devane	1	11
user/18499129	1	1
theconstruct	1	16
chargers	1	38
johngarcia	1	60
photomatt	1	37
jendey	1	22
doriandavis	1	30
user/3197426	1	8
stevens1	1	31
chiouonthis	1	19
user/37404668	1	2
jlgoldfarb	1	7
user/3265923	1	4
mcd_detroit	1	3
victorcarbonero	1	4
user/2514519	1	29
pricousins	1	21
user/25339055	1	1
atorrez	1	49
giovanni	1	96
your_bieber22	1	16
pheezy	1	7
user/33389479	1	1
marieguerralyce	1	14
geopollster	1	16
damianodemonte	1	27
april_in_wa	1	28
user/15942351	1	13
user/620810	1	4
user/4420124	1	21
worldwidewaddie	1	20
jruggiero	1	13
user/29215866	1	1
mooneychan	1	4
user/15624751	1	1
rangison	1	8
wolfgangbuzz	1	19
user/5921149	1	1
megbutton	1	27
user/116418	1	12
mg	1	47
heydong	1	9
citriuscorp	1	2
ryanintheus	1	85
theplanetd	1	34
thurstonchamber	1	34
mh	1	36
vivowang	1	12
olairanloye	1	227
rickyrobinett	1	13
user/40290942	1	6
ms	1	22
brandontnelson	1	44
user/331925	1	7
user/24425968	1	2
travispearl	1	9
beckyfoxfitness	1	12
user/34250125	1	6
user/33797045	1	11
user/17590442	1	2
user/38780007	1	31
bethferreira	1	5
digitalascent	1	4
user/22402587	1	2
user/6197	1	66
liscallelura	1	5
user/21303875	1	1
user/12401702	1	21
embertime	1	11
hmsverige	1	26
bellmar	1	4
user/15366764	1	1
curlycomedy	1	11
healthwarehouse	1	23
andreandersson	1	6
helloitsliam	1	6
user/29769490	1	2
g12eddie	1	2
user/35659657	1	37
user/115565	1	15
ericdet314	1	8
user/3056774	1	1
macys	1	110
yoavlurie	1	17
bizmike	1	18
sharepoint	1	7
kturrini	1	17
bgg2wl	1	4
joemcb	1	12
carlosrizo	1	12
vieser64	1	4
martingarza	1	1
ramyadelhi	1	1
user/5373833	1	12
user/12038983	1	3
heatherleson	1	4
gavindonovan	1	25
iancr	1	14
dancinghotdogs	1	17
keefmoon	1	13
racheltbue	1	22
cabrzezi	1	1
carsonbetz	1	2
user/8369596	1	33
neil27moses	1	31
fozzyfloozie500	1	14
briancrouch	1	63
user/15373482	1	2
alanajoy	1	97
user/7405177	1	17
eramirem	1	6
user/38539295	1	5
user/12701151	1	4
user/1137697	1	29
james_draper	1	1
xgames	1	80
havebettersex	1	4
user/7890290	1	24
user/2122269	1	30
total_financial	1	45
koichisan	1	19
jnellyblly	1	3
gryanrob	1	3
andreahong	1	24
user/33684582	1	18
user/25224276	1	5
michaeldrico	1	30
fionamiller	1	2
bardinass	1	8
holleeinbalance	1	2
colettewh	1	7
user/14995148	55684	1
p/food2u/8354645	1	4
user/921370	1	32
user/4411738	1	28
troylavallee	1	1
micek	1	3
user/7245354	1	6
migs5150	1	43
compagno2b	1	31
weddingpr	1	8
katiecouric	1	39
jordanrr83	1	25
legendjy	1	32
hamashon	1	12
suzyfitcoach	1	9
user/13504713	1	23
meisikai	1	27
maldanir	1	39
kurtclark	1	22
walgreens	1	154
tgirvin	1	89
user/35232	1	3
user/34180529	1	35
hasselbeck	1	21
user/452667	1	27
blqecqlacqlar	1	2
gmwdesign	1	4
fvielmab	1	2
remarkmarketing	1	24
megraegrady	1	2
gray_knowlton	1	1
user/20449816	1	1
writetolive	1	22
imercuryinfo	1	26
chumy_	1	2
m155l34	1	46
bluzgrrl	1	5
dbkguy	1	6
_courtland	1	1
user/35017639	1	3
efl_guy	1	34
cdunham_meilus	1	5
montaebryant	1	4
ezzie619	1	4
dhoov08004	1	9
user/1498430	1	13
markaboudreau	1	28
stewartsm1	1	1
micahsch	1	10
corybooker	1	54
user/27703837	1	3
user/23201600	1	3
flavorpill_nyc	1	41
seth_weisfeld	1	11
user/21096209	1	5
iphonegirl	1	45
user/7482380	1	10
rafamartintv	1	6
user/301087	1	14
user/1223645	1	12
tomm_dogg	1	2
lvebugucf	1	1
dusanmurco	1	8
highmuseumofart	1	11
user/2500026	1	3
kayakvee	1	27
themaninthehat	1	47
user/23690712	1	6
p/empoweredpres/24859705	1	3
martinasaucy	1	1
visionmediamktg	1	19
user/10790830	1	1
user/7504637	1	6
bsimi	1	75
richardjwood	1	35
razorfish	1	23
user/22688476	1	6
spoiledmonroe	1	27
ifttt	1	8
rebecca_reece	1	19
ashleykmayo	1	10
user/16957752	1	2
seattletimes	1	80
saladin010	1	10
letkevin	1	35
user/20090160	1	1
user/10329735	1	2
rafaeldeath123	1	35
cookingwitht	1	11
sixflags	1	87
sirqlate	1	4
chupacaubrey	1	17
user/4472738	1	2
_fleur__	1	20
interscope	1	34
aliciadoeshair	1	34
user/13737138	1	84
leolaporte	1	87
tydowning	1	25
sabroyles	1	1
robertgaines	1	24
ajcenac	1	1
user/22486530	1	4
user/3234392	1	4
user/5372133	1	4
user/1437403	1	80
sears	1	86
bchrastina	1	66
user/30882363	1	3
rushwan	1	8
user/26786973	1	1
user/30889415	1	15
arjalali	1	1
kevinrzuber	1	8
neilgale	1	43
cavemanklaus	1	5
user/38538145	1	4
chelseainla	1	22
baiamonte1971	1	18
hrlori	1	20
ansonf	1	25
doubletreesea	1	5
user/20866134	1	2
deskoneer	1	9
user/31994522	1	1
stephlauren	1	21
agoldfisher	1	39
liljeffiejeff	1	19
metmuseum	1	102
visitphilly	1	67
user/12112990	1	4
the_geb	1	5
graisinbrand	1	22
foxbusiness	1	12
shawnfitness	1	40
nightlifegay	1	27
tennessean	1	23
earl52	1	31
user/9877198	1	7
user/38911665	1	1
user/24488668	1	3
user/24430137	1	2
itwentviral	1	9
olitreadwell	1	17
user/10773741	1	12
user/37968916	1	1
user/9481586	1	1
hambysandiego	1	19
stevegraham	1	2
jeffinsell	1	1
natgeotraveler	1	12
user/6589720	1	13
chanel5essence	1	14
user/106794	1	3
danloney	1	2
mammothmountain	1	14
soundcloud	1	23
7thheavenclub	1	5
user/36563244	1	21
dudeitsnissa	1	2
cthpike	1	1
m_julio_c_h	1	18
user/3906848	1	5
user/33824032	1	2
user/27263811	1	2
tobby_2010	1	16
justinkeppler	1	11
user/12505713	1	4
user/2451500	1	9
indyfitgrooms	1	15
mladykreativec	1	2
att	1	97
kmessenpreis	1	11
jeremypalmer	1	9
dheenah06	1	35
user/7555620	1	1
user/15203132	1	7
ltizzle3	1	30
zz01pr	1	15
user/5429544	1	6
user/25918806	1	17
lilich	1	13
jespersmogensen	1	45
gadling	1	23
holidayvalley	1	2
ghbrett	1	20
user/40877746	1	7
jordiaraz	1	8
nhl	1	127
p/kennedy-center/12995645	1	1
allaroundapps	1	115
user/17872682	1	1
scanman	1	16
jpunishill	1	42
obeygiant	1	10
user/21190860	1	12
hillaryxcore	1	21
jtotheatothec	1	6
kellybean_3	1	4
702webdesign	1	3
consumerstips	1	116
alyxandrajoy	1	23
mick_gill	1	25
user/4520987	1	4
user/35740727	1	13
user/555949	1	24
user/7600128	1	1
gupshupblog	1	67
user/19133101	1	2
julierasmussen	1	39
nw_music_scene	1	111
ron_ledford	1	26
user/15797976	1	3
wmag	1	39
arielleeuringer	1	3
brittanygreer5	1	18
alisonpilsner	1	2
user/31842236	1	17
jasonfox_me	1	41
whitneymuseum	1	38
user/33648070	1	2
user/24557377	1	1
btothereyna	1	9
texasdehawaii	1	20
edozclazzicz	1	12
ahauptman	1	86
carefulkeeper	1	43
tamireskeles	1	28
bremmel	1	45
elliotengstrom	1	2
user/24566687	1	4
user/19083722	1	2
mjtski	1	13
aktivioslo	1	2
user/13947478	1	4
aussiebum	1	43
lynnettefreeman	1	3
misscaterina	1	23
jamessotoism	1	4
mcomeslast	1	2
thealexhluch	1	14
user/20113658	1	2
janenation	1	21
halboard	1	31
ecubetadave	1	6
user/12063806	1	2
jordanlemon	1	1
jniedfeldt	1	22
aloft_hotels	1	12
princeton	1	9
thebradking	1	12
danrichardsjr	1	54
user/2431458	1	20
angelawoody	1	77
nctrnlbst	1	42
kimarketing	1	9
cheflayla	1	10
user/16260628	1	3
chrszmnt	1	4
trevor_foley	1	22
aureliagroup	1	19
misshope	1	16
user/8186781	1	17
user/3720720	1	2
tiboutoo	1	6
pbr_nc	1	2
user/3705371	1	1
user/24081128	1	1
nick_avedesian	1	16
3four1	1	51
user/41154364	1	7
guggenheim	1	26
user/25150788	1	15
tendasesores	1	17
captainandclark	1	1
kenfucious	1	51
user/18659597	1	1
t0mmym3ad	1	14
akadk69	1	46
htpotter	1	9
user/35437368	1	18
engadget	1	20
user/902503	1	2
liveartsfringe	1	12
forever21	1	12
user/3628151	1	32
m_gilles	1	11
eddiemurray	1	14
user/21544295	1	49
alfajunes	1	5
alfredlam	1	15
writingbymatt	1	37
stookers	1	24
sarahakbarifard	1	1
ripbm	1	1
user/741180	1	5
user/40112067	1	1
matty_beats	1	1
yeezybabyy_	1	2
user/7687955	1	15
phillyncrowd	1	26
brunofigueiredo	1	11
coldwellm	1	23
nickbilton	1	58
qmg	1	11
toreo	1	8
wilso208	1	2
user/26216650	1	11
user/16148207	1	7
lucascookmusic	1	15
vbrown	1	51
theblondemba	1	7
user/17399092	1	8
jojo197472	1	48
verykristin	1	6
saadshake	1	4
brandy_johns	1	26
user/738721	1	10
michaelwaisjr	1	47
daveotten9304	1	27
smcornelius	1	34
user/9912955	1	5
corrieturnbull	1	13
giorgialucciola	1	5
hard_knox_life	1	23
user/17370643	1	1
starenchantress	1	4
learntopreserve	1	60
user/1511595	1	5
mommamarie824	1	6
billionsuccess	1	27
cyndimarton	1	32
darrelwf	1	22
shrtfatwhiteguy	1	22
brammosays	1	10
user/374577	1	4
bgawyeah	1	20
jer979	1	16
seibways	1	5
rubensanchezbcn	1	10
persiancowboy	1	7
nycgo	1	15
p/mycityway/13509384	1	2
odlr4sq	1	16
chuck2go2	1	17
wellandgoodnyc	1	22
user/3077862	1	1
endersumer35	1	13
user/25527283	1	4
mikeyames	1	48
loxie	1	2
user/16217133	1	24
rje7	1	40
user/10155861	1	8
uconn	1	6
damion_white	1	9
sosarawilson	1	27
rachelletts	1	15
randycantrell	1	22
bridgetzig	1	56
alohabruce	1	55
nicoleexashley	1	7
user/23456071	1	1
christinelrm	1	21
itskeylimepie	1	28
pjpanigi	1	9
user/13611350	1	1
brendankeegan	1	27
maileshoul	1	13
djmccaffery	1	24
whitehouse	1	220
jasonyi924	1	39
user/21268047	1	10
sacrebleuwine	1	9
marksnyd	1	27
theoriginaleb	1	11
durhamfoodie	1	36
user/18635563	1	2
skymall	1	38
user/7731549	1	1
jenniferadaeze	1	8
user/4543970	1	28
user/272627	1	15
conkytonkin	1	50
eleanorbro	1	2
loriruff	1	82
modelinia	1	27
sincevince	1	2
user/13800769	1	3
user/31514100	1	3
alen_daniel	1	1
user/29269456	1	63
user/28971	1	15
shih_wei	1	24
film_degrees	1	16
vanessasince79	1	11
user/34523345	1	10
supermodelme	1	24
ehabalibakhreba	1	16
p/moviepass/11700033	1	9
gaetkoguy	1	15
danielpatrick	1	12
user/11997470	1	6
user/27402303	1	1
jonshappy	1	5
gogo	1	51
sherene818	1	2
kebwilson	1	29
tayari	1	25
jrocke217	1	23
marcmanalang	1	20
lucienengelen	1	11
nosa_vos	1	14
user/12296626	1	3
gopsusports1	1	5
user/1858489	1	1
scobleizer	1	200
felix_molina	1	9
user/29278768	1	3
candacesandiego	1	17
user/25320422	1	1
ortelius	1	6
nybooks	1	14
aplusk	1	207
user/190899	1	17
iywkeywest	1	17
joeyhodges	1	70
user/178665	1	2
user/1813281	1	1
raerae519	1	5
jessicapoter	1	1
user/12008971	1	2
p/michelin-travel--lifestyle/3358242	1	51
bydanielvictor	1	17
josephmorin	1	78
michigangoblue	1	14
savageque	1	1
user/35240436	1	1
peeweeherman	1	89
user/16962907	1	10
besz	1	31
rhodymomrunner	1	35
legendenlagoni	1	2
evertone111	1	70
nancytoby	1	13
giantsbook	1	2
maerkestok	1	2
maxmuscleva1364	1	3
user/12101430	1	1
patatokyo	1	18
ibzbartenders	1	2
dg0213	1	28
user/3009234	1	17
user/8128648	1	7
garmonjohnson	1	2
user/575214	1	12
neonvacation	1	43
user/35968360	1	1
olympics	1	110
bd10207	1	13
beautybesties1	1	7
ladybug0280	1	3
user/405255	1	18
corbenic	1	1
chrisolave	1	2
allaboutblake	1	17
ashlanddesantos	1	2
user/17947510	1	3
user/2870215	1	34
joedynamite	1	3
iluispc	1	51
dailyfanboy	1	1
dankimredmango	1	12
user/23440525	1	26
user/523388	1	26
djladylola	1	11
harvard	1	72
user/39506481	1	3
lcityinventory	1	7
superbetch	1	83
user/9238465	1	2
randi808	1	7
juskeepsweating	1	9
sportsauthority	1	77
edtwit	1	33
gannonmark99	1	9
iamedia007	1	34
user/10487836	1	6
oomyitskaren	1	7
thedivasmommy	1	9
racingtales	1	11
ncaa	1	35
user/15323658	1	5
betabay	1	23
stacymiche11e	1	6
sandy_carter	1	25
mbcharlotte	1	1
p/inspire-and-acquire/12684599	1	2
jmj427	1	2
marieclaire	1	44
acousticschwagg	1	3
sarahtilton	1	10
kfc_colonel	1	16
user/14266435	1	2
user/4658042	1	13
nymag	1	172
livngrawbygrace	1	22
ianmackie	1	12
user/11620772	1	1
p/microsoft-sharepoint-conference/13386611	1	2
socialwicker	1	53
bikforcancer	1	138
user/26099566	1	2
user/33484923	1	19
jdwright58	1	19
thatslydia	1	25
lisetterocco	1	21
_ocab_	1	4
mandyschu	1	4
user/29299426	1	2
user/8669937	1	9
julenreal	1	1
brodiewest	1	22
user/10690238	1	2
lawrenceyeah	1	37
user/33870764	1	1
katespadeny	1	41
user/15090676	1	5
susanmoskwa	1	1
user/8392026	1	35
billcammack	1	73
muzicluver28	1	14
vogueandcoffee	1	13
user/2313782	1	1
user/25413407	1	5
meganbrownrn	1	11
user/22258815	1	3
nickdawson	1	22
hbrink1	1	2
cathyisreal	1	8
user/10893087	1	1
losingwithww	1	30
danigem87	1	1
suki247	1	85
prcrash	1	5
_tomdaly_	1	1
user/18783881	1	2
britrock	1	29
afterdarkdev	1	4
skirtpr	1	3
user/13438528	1	37
burtonsnowboard	1	24
snowdotcom	1	6
forrestkoba	1	22
keithfrench	1	32
matthewmaysonet	1	5
user/1888434	1	159
user/760603	1	43
lindzshaw	1	3
malmil	1	39
brooklynbrewery	1	11
user/2406083	1	2
ccuellar	1	5
elliejrogers	1	8
marcioneivamart	1	45
user/93031	1	17
user/407395	1	15
akintheatl	1	34
user/29783087	1	13
usajoerob	1	26
tom_nguyen_	1	45
user/16888271	1	1
megan_foro	1	2
visitflorida	1	34
brdgstonearena	1	13
michaelgibbs77	1	26
user/38193187	1	11
_meglet	1	4
user/17773421	1	37
sprecks57	1	10
craignewman	1	21
user/24082203	1	4
rosenfeldmg	1	24
user/1041916	1	2
eminedoger	1	12
paul_steele	1	91
fremontchamber	1	47
sracp	1	2
dayowl89	1	2
tessa	1	73
windowsphone	1	32
user/22051478	1	1
genepark	1	45
user/12823344	1	2
whistlerblckcmb	1	28
popeater	1	25
jcarillo	1	9
user/23678063	1	1
user/29365387	1	5
kcrw	1	12
yonifreedhoff	1	2
fortunemagazine	1	24
user/11563923	1	22
chrisn305	1	10
karlaenriquez75	1	3
ejmiranda	1	23
user/948429	1	4
boulderbaked	1	13
madonna	1	34
arsie	1	13
damonjohnsonvc	1	21
yubbie007	1	33
user/37273300	1	1
mojism	1	9
slowloris	1	21
user/12498027	1	1
jimmystyle	1	35
user/10333220	1	1
user/7161173	1	31
menshealthmag	1	50
querdenken	1	17
mancinelli1	1	1
alistdfw	1	41
user/14563788	1	2
heatherrglass	1	21
inside_zappos	1	29
djambazov	1	43
user/11225639	1	2
joycemsullivan	1	33
wholefoods	1	135
sirpemberton	1	11
jrsocialmedia	1	25
user/41408964	1	28
alfredotanjr	1	7
user/5164013	1	27
user/22899122	1	8
michelledozois	1	12
user/29596087	1	23
decept1k0n	1	4
jenshuemaker	1	1
peterkim	1	13
zagat	1	411
coachella	1	45
lvmannequins	1	31
getnakees	1	59
temptintaurean	1	38
user/539105	1	36
user/13649727	1	6
kim	1	91
stuartcooper40	1	49
jerrylin	1	5
sunshine808	1	25
user/40739447	1	6
user/24143149	1	8
user/11594898	1	33
momx3deb	1	2
alyssaarminio	1	6
howiek	1	29
user/20839373	1	4
simonschuster	1	25
kearnold87	1	78
hawaiilife	1	5
user/30801814	1	9
harleyj237	1	4
opajdara	1	48
aaronlutze	1	36
earlethethird	1	13
utorrent	1	29
user/7554208	1	1
baskaklimek	1	3
choberkehr	1	16
vikkivendetta	1	44
academik	1	16
pcatttweet	1	3
user/4484663	1	32
rita_barry_	1	20
user/22019757	1	1
djsweeps	1	12
user/4968303	1	12
user/8716556	1	1
papaoculus	1	8
hugoboss	1	56
user/8650428	1	2
user/2888144	1	1
user/467164	1	10
topwinenews	1	11
napoleonsmith	1	1
alanvilar	1	20
greggwsoucie	1	41
electronicdward	1	14
badbrad562	1	45
gigi_peterkin	1	13
udovetter	1	11
todd1hhd	1	26
user/28323510	1	2
jetsetjamesy	1	8
ajc3	1	2
hofstrau	1	11
hoverbird	1	12
ldaley06	1	7
cornell	1	17
davidsandusky	1	45
hyattmaui	1	2
user/7636511	1	38
user/34947183	1	10
kmilne	1	4
zkfoster	1	22
streamingmarv	1	25
user/4843138	1	1
francescapasha	1	14
user/62541	1	22
gacalma	1	5
lchamberlin	1	1
user/7373789	1	7
gilbertogalea	1	11
katjapresnal	1	72
esmeinfantenii	1	45
spowellhenning	1	1
user/14104467	1	3
bryce1984	1	48
user/6074194	1	4
user/3723758	1	7
user/12903578	1	6
sefkac	1	1
txtekgnerd	1	9
countcory	1	40
nickydigital	1	52
diekathrins	1	10
dawnhibbs	1	5
tikiamy1	1	21
user/16320567	1	19
alie_webb	1	28
restorerguy	1	6
admagazine_eic	1	60
user/585819	1	1
windowslive	1	100
patrick_stsadm	1	7
mayfairtheatre	1	6
user/16260326	1	16
user/4058425	1	3
j_ag	1	7
ittsssdomi	1	2
tanziping56	1	41
jasoncastellani	1	21
ninjat	1	9
ptsnv	1	85
foursquarejoe	1	22
davidpessah	1	24
bananabuzzbomb	1	15
onlyexo	1	28
user/11236912	1	25
tinkersparkle	1	21
user/3778524	1	1
user/28601244	1	2
anda_jd	1	28
tttunafish	1	1
user/25125173	1	2
user/14826684	1	3
iboughtamac	1	40
user/5006377	1	1
amy725	1	8
aprilknunchucks	1	6
jasoncoffee	1	20
user/17467120	1	15
user/79295	1	61
user/3248886	1	1
user/25554403	1	10
youtern	1	1
people	1	286
user/33286866	1	9
snwbdrhoon	1	14
user/2754014	1	9
girlunderatree	1	1
user/2736387	1	7
adrienmaxx	1	4
brianhauer	1	76
tinamarabito	1	3
irisisa	1	6
courtney_audra	1	19
reiko98	1	51
user/12088241	1	4
user/12676421	1	106
telcomintl	1	57
user/31395754	1	1
user/20280851	1	2
christuhfurr	1	1
jasonkeath	1	55
housesitter	1	19
medmike	1	35
carlm3	1	26
anytimefitness	1	12
jwzhanggy	1	1
foodem	1	1
user/8437483	1	4
user/31831641	1	1
parlotones	1	2
user/4033788	1	8
user/7746645	1	12
user/7831946	1	1
umg	1	18
themaddestmax	1	18
user/31052013	1	1
kickball365	1	16
dude8724	1	43
sioli19	1	1
breko	1	22
kevinurie	1	26
ohshitrospit	1	4
user/13501581	1	2
azaelljr	1	38
user/16806664	1	27
user/16481923	1	3
ekivemark	1	25
user/30507349	1	41
user/153681	1	13
totalbottomjock	1	35
user/24802093	1	2
toryburch	1	29
dancerbradley	1	10
huffingtonpost	1	306
user/22488183	1	9
midtownlunchla	1	17
ash_strick	1	10
ashleyjorn	1	25
calilewis	1	63
kelly_clarkson	1	23
fight4wellness	1	15
user/17021511	1	1
misspickles2	1	28
user/3095877	1	1
user/23170957	1	33
user/11378681	1	1
cbehrlich	1	8
user/23678387	1	12
joshuadavies	1	3
user/12401830	1	2
user/10929900	1	1
mariatucker3	1	2
kathleen_khan	1	32
elizadushku	1	58
user/31058567	1	6
user/29084996	1	8
nynyvegas	1	23
separd	1	7
user/15570962	1	62
mbl	1	28
craig_ansell	1	37
eyemediadiva	1	37
andyperez	1	4
user/25918007	1	1
user/1029303	1	15
racquetclubap	1	3
shaunacausey	1	200
sethbrownnn	1	25
cecrooker	1	24
ineedscents	1	1
nakaekou	1	14
topchauffeur	1	87
acraigpfeifer	1	2
hester_cecil	1	24
user/25434469	1	7
user/9618553	1	25
user/21741189	1	5
misskelly1022	1	21
violetmae	1	38
user/20936944	1	2
naneguardiola	1	1
nonfuturednb	1	6
marthadear	1	5
globallover3	1	23
user/39025155	1	41
user/2948472	1	1
docmacastat	1	29
indyphotocoach	1	4
justinseago	1	19
jacobdfriedman	1	19
coryjim	1	98
strategicgrowt	1	2
azred256	1	2
user/20970656	1	6
ccarella	1	18
user/12196919	1	2
mrjke	1	1
kurtkelly	1	4
joshuaseale	1	4
user/22191896	1	3
holmespi	1	45
jonwolffmusic	1	12
micah03	1	12
pgmcbass	1	39
huskergirl2426	1	1
tempetourism	1	12
kailafreckle	1	5
beklop_pter	1	10
bradsakamoto	1	5
nleotsakos	1	4
misterthibodeau	1	3
user/648386	1	4
bbcamerica	1	121
djtanner_	1	27
thebradical	1	28
berlinwebweek	1	3
chococatgrl	1	1
whitneysays	1	26
jbf68jlt	1	30
the_git	1	14
char_loko	1	12
user/9428908	1	3
jobantum	1	27
user/7708169	1	14
adriftnz	1	23
user/7826277	1	20
sonarme	1	17
user/156873	1	2
user/39231751	1	2
platoonfitness	1	8
shwen	1	32
niki146	1	42
gvaro	1	24
user/23243768	1	1
user/11187180	1	10
user/415347	1	7
nailsandheels	1	6
cntraveler	1	27
user/1959288	1	13
shape_magazine	1	41
user/1265481	1	2
sherylshusband	1	1
ctbites	1	4
user/8717419	1	1
jilliangelati	1	3
user/10670442	1	5
user/26911649	1	3
elof	1	6
user/12193419	1	2
user/7997431	1	3
samproof	1	62
fourjandals	1	25
israadiputra	1	15
patcarroll_acct	1	33
ethan9293	1	10
mercuryx	1	2
haypett	1	12
libationbitch	1	4
jsmith6266	1	3
ripleypickles	1	10
anetworking	1	108
p/queen-city-cartel/8270564	1	7
p/hard-rock-hotel--casino/1485364	1	56
bradgosse	1	25
robtomashawaii	1	46
user/3841641	1	1
user/12003454	1	1
user/12957856	1	19
graphicly	1	33
ceceliab	1	7
anaees	1	9
alluneednorway	1	1
ravimongia	1	33
kim_sfb	1	29
user/5408749	1	1
queenjaimi	1	1
leighton78	1	47
user/3580375	1	4
bmw_free	1	40
user/4302595	1	1
ashlimichelle	1	45
juhfroiss	1	11
elliotj651	1	41
dbnewsjournal	1	3
russviola	1	20
frankneill	1	33
ferol	1	4
patparhiala	1	11
rwwmike	1	31
volarymusic	1	24
l0hi	1	3
user/9383346	1	8
theory__	1	14
user/2371526	1	3
parentpalace	1	1
jillhanner	1	63
user/12366460	1	35
jawadansari	1	13
user/35722232	1	9
libbydoodle	1	22
user/38611361	1	10
patgrahamblock	1	21
user/18719041	1	6
user/19430045	1	1
sariverwalkfun	1	30
faceofjimmy	1	1
caroseberryenh	1	4
jillboc	1	23
user/40136	1	2
karinali	1	17
martynrdavies	1	6
user/2079660	1	14
user/1093973	1	1
user/16846760	1	1
user/29891572	1	5
time	1	124
bieganski	1	19
user/16967504	1	5
user/23525628	1	2
jkcallas	1	18
jus7corona	1	11
jonsherrell	1	10
cheezewit	1	10
lamos20	1	19
user/17571210	1	1
user/32848743	1	1
user/19028154	1	4
stephagresta	1	64
craigery	1	2
p/trevelino-keller/8837690	1	1
matthewtennant	1	48
user/38304639	1	14
oelamri	1	3
professionalook	1	38
nightlynails	1	3
srrprr	1	9
user/22369599	1	1
user/8663790	1	1
shannboogie	1	7
vms_washington	1	92
jameshuerta	1	8
efyeahroyd	1	9
user/36256267	1	1
steveclyde	1	21
privlist	1	3
admrich	1	34
user/12293714	1	14
danny_fitton	1	33
berliner_hotel	1	1
foursquare	1	443
french4thebaron	1	19
user/31045747	1	6
samwirah	1	318
shlogelernter	1	1
user/7854611	1	5
user/2708770	1	2
edgarprado	1	16
user/4925418	1	4
dus1o	1	2
user/832701	1	3
user/4383146	1	6
user/4450656	1	12
user/38226287	1	2
user/10696885	1	22
qbryner	1	2
iluvmarthasvy	1	60
fandw	1	99
user/19124538	1	1
vegas	1	129
user/15985662	1	2
gknutson	1	46
lishypants25	1	2
user/8894119	1	5
lordofthedawn	1	22
runningrachel	1	7
robertshp	1	38
user/25376836	1	30
user/17350621	1	1
prhymerhymeboss	1	3
user/28175238	1	10
user/1454217	1	22
gregmaughan	1	5
user/5472879	1	7
jack_the_mc	1	19
user/2323843	1	1
hawaii	1	76
user/14706641	1	18
tulisabel	1	2
user/2236814	1	1
user/2160084	1	2
mameres	1	21
daddyclaxton	1	34
user/3406038	1	28
user/3929848	1	43
a_cuban_beast	1	36
user/38395212	1	14
sfgiants	1	37
user/26963921	1	2
user/33886108	1	16
mohondangsawa	1	22
cew_ny	1	3
iheartalgore	1	10
pjsilky	1	25
noelmcdermott	1	39
andrewvest	1	93
equinox	1	14
bravo	1	366
user/7265577	1	16
user/5367499	1	2
kar_inthegarage	1	35
user/11472069	1	3
user/12747628	1	4
user/4399383	1	2
user/6902739	1	1
cjohnnyrico	1	11
downtownfiction	1	14
scootklein	1	11
rollingstone	1	156
iamdiddy	1	80
808shine	1	30
jacquiemcmullin	1	3
jaumesanchez	1	22
user/27070326	1	15
nitinkjain	1	3
user/7588936	1	7
user/29591693	1	30
user/6824605	1	3
user/23277078	1	1
catchachoo	1	22
spacecampalex	1	2
lalleclausen	1	8
thadx7	1	17
juliaroy	1	73
sarahsperling1	1	13
srshearer	1	11
pulpconnection	1	7
premiergrouphi	1	2
user/12584069	1	2
looooren	1	67
vegasbill	1	41
rsalistservices	1	7
user/23508408	1	3
eringriffith	1	19
guardian	1	23
suzi123	1	12
muthmedia	1	2
user/317538	1	31
antoniobrasko	1	4
user/11474941	1	19
user/8389519	1	1
woot	1	30
wendymonday	1	29
redskins	1	38
daveyjustice	1	32
mager	1	93
aabrahamsson	1	27
eatblkbox	1	2
weirdcoupons	1	19
user/2468	1	61
user/20564001	1	22
isaactolpin	1	25
chris1051	1	4
user/1474938	1	20
msimp	1	13
triviaad	1	1
user/26533002	1	8
mktgnutz	1	12
user/26044078	1	1
christinamasayo	1	38
marvinjr	1	50
cjmccoy	1	32
user/12676401	1	1
boldfreshjew	1	18
iampauljames	1	5
huffmanaustin	1	53
_sydvici0us	1	16
maxsaintjust	1	14
user/21681351	1	14
mikecurrey	1	2
antnys	1	10
mr_joshhern	1	72
_mynxie	1	21
chasegarrett23	1	7
cherylrice	1	32
user/2260526	1	5
user/1715371	1	1
oxfamaustralia	1	1
jtw90210	1	1
user/39760855	1	15
emilym7707	1	9
anniemal	1	40
user/31549070	1	15
loryivey	1	7
rajqsar	1	14
user/18649973	1	8
user/12607588	1	1
houseofbrew	1	44
scrappy_face	1	39
soundersfc	1	40
user/18795884	1	10
julia_witt	1	10
rumsey48	1	19
user/505694	1	1
user/4111441	1	20
fineryder	1	12
mgallops	1	27
marisalalli	1	24
froggyfitz	1	11
evgone	1	84
user/9987981	1	3
user/16926274	1	10
user/30135895	1	3
msh	1	33
leyla_a	1	40
chamillionaire	1	23
user/1710609	1	11
calevans	1	3
kylebunch	1	30
user/92188	1	1
user/29329314	1	1
beh_zod	1	3
user/32620228	1	1
_calikelly	1	9
maureen_jacobs	1	9
mbilt	1	9
yogaarmy	1	70
briankillheffer	1	15
mcrenshawatl	1	2
2fafou	1	23
user/3560748	1	3
user/689501	1	60
chaseclark	1	41
lesliempr	1	16
user/38781727	1	4
user/7766180	1	1
user/9257357	1	4
iwrestledahoerm	1	58
blacktoad	1	30
pranavno9	1	29
spartan_race	1	6
blakefest	1	11
annabassham	1	7
norcalfoxybrown	1	7
tylerdickinson	1	1
grogersfitness	1	15
r0b3rta	1	9
user/1292695	1	10
user/26300467	1	2
user/755444	1	8
marshacollier	1	82
user/37936745	1	4
ashong	1	14
user/3669698	1	13
thejoshbjones	1	30
p/zaarly/12185267	1	8
lifeinparadise	1	37
chicitylimits	1	15
equestrian_girl	1	3
kelseytailor	1	2
williammullin	1	8
user/12196102	1	5
_paulaespindola	1	9
sehopkin	1	2
user/783465	1	13
tinokuehnel	1	12
kwmcmillan	1	30
i_am_camus	1	4
user/4500108	1	2
therobbie22	1	7
user/18040174	1	1
flshtacos	1	19
user/24813267	1	3
greglee	1	9
user/38587382	1	14
digix3	1	2
lucas_pvplabel	1	3
bukita_	1	13
user/16520940	1	8
mr_adri	1	12
stephinge	1	96
user/6976351	1	5
joy9017	1	10
lizskoczylas	1	2
restaurant_com	1	19
dietpepsi	1	20
paigex71	1	19
user/70730	1	2
user/21840736	1	3
user/19014605	1	6
user/26771839	1	10
user/25574446	1	1
user/10133886	1	3
user/27722624	1	2
myphillyalive	1	38
user/38195701	1	50
vermellem	1	27
seanmurphy747	1	2
mat	1	12
peevedmichelle	1	25
user/13983331	1	25
juhokokkola	1	1
user/3563055	1	9
user/39425433	1	17
user/16485201	1	7
user/12575064	1	5
shoesnfood	1	33
smreach	1	68
tessabarrera	1	20
user/3266012	1	4
ryanhealy	1	18
continuants	1	22
mattwromero	1	44
calsclassic	1	4
cannonjw	1	16
xosweetpeaxo	1	14
b_o_b_b_y	1	69
user/11345736	1	3
socialapp4u	1	32
dr_alkhatib88	1	6
justinlevy	1	53
thisisjeffrey	1	38
paulwcislo	1	6
interactivelr	1	1
daniaediblehi	1	6
user/23665943	1	2
lacarguy	1	3
kenziesxxxworld	1	60
user/27632390	1	5
s_wash	1	15
iphoneblog	1	1
seannakamura	1	8
energyintransit	1	42
user/37286870	1	21
user/9665863	1	1
curtisraye	1	14
user/21024976	1	7
flippnyc	1	9
miro_bear	1	6
lsh	1	18
iancrocombe	1	21
rrrins	1	11
jordanmaddocks	1	5
user/18795403	1	4
user/6416657	1	4
user/22511750	1	1
user/1380028	1	3
user/38385759	1	38
musatariq	1	12
radioshack	1	78
rgunhold	1	31
michaelebailey	1	29
anastasiabaker	1	50
misssarasays	1	57
user/7271329	1	22
shaydechelle	1	6
kreatebranding	1	10
pruiii	1	40
sandrafoyt	1	20
user/24841129	1	19
missrogue	1	92
molyali	1	4
curtisoutain	1	23
user/595416	1	3
rahsheen	1	32
oakley	1	25
sho_network	1	97
user/18951797	1	1
nnthuan	1	4
user/25654138	1	1
wwbaker3	1	20
rebexxxa	1	7
user/10156629	1	1
yama	1	56
user/19959919	1	3
bowsern	1	4
perlsofwisdom	1	53
jeremiahaja	1	7
stevenalbritton	1	1
user/6533402	1	5
noraa	1	41
user/12289586	1	3
user/22852473	1	2
user/21943459	1	1
pepeanguita	1	23
user/9326464	1	1
bigcountry83	1	20
user/523398	1	6
1oomiles	1	6
user/18762787	1	3
donnyfontaine	1	9
fastcompany	1	152
user/37566943	1	1
user/13802197	1	5
scottcb71	1	5
user/23987572	1	2
komalley11	1	5
timm3h	1	8
njdotcom	1	23
miss__rose143	1	6
kalafralala	1	19
victoria0920	1	2
user/1903610	1	14
user/4044721	1	1
artofflight	1	15
rytography	1	3
youngowen	1	18
caseydaigle	1	23
user/33418421	1	3
joanwebb	1	1
garyvee	1	109
kiro7seattle	1	44
concerts	1	6
user/11931688	1	14
user/1537045	1	1
annapizarro	1	2
copano	1	14
retsel09luke	1	21
virginamerica	1	31
user/1151770	1	1
jennybondurant	1	1
adam_slover	1	3
ambershaputis	1	20
user/27831839	1	1
arianasor	1	4
andykaufman	1	31
kyledeb	1	20
skilibertymtn	1	8
4sqcities	1	164
cosmopolitan_lv	1	44
dmontauk	1	2
user/11306467	1	1
user/16316783	1	5
cllev	1	18
jessgetssocial	1	24
lillyann	1	92
user/25148845	1	33
krista_parry	1	22
rachelrubes	1	16
user/12552488	1	1
user/8097384	1	10
jordan_danger	1	34
bobnocek	1	18
rickys_nyc	1	19
user/13645319	1	3
mirandagrace2	1	2
chriskleblanc	1	2
savvytweeter	1	31
kinlane	1	4
cincicouponbook	1	15
kylesmith0509	1	3
sp_sniper	1	8
gutterthegreat	1	18
travelmagazine	1	24
anastasiany	1	18
artworkshop	1	72
tiesto	1	62
user/5757936	1	1
lisap	1	11
bien_mur	1	7
user/18280387	1	2
naughtyafarias	1	26
kw70	1	7
user/27919897	1	2
user/32604419	1	4
p/cupcakes-and-cashmere/12389916	1	10
user/12337494	1	22
christinekorda	1	102
user/13873099	1	40
user/22575424	1	1
tobyd	1	31
crazedmom	1	28
user/3253	1	23
user/17315113	1	1
jamaicanewsblog	1	78
nbcpolitics	1	34
user/25479683	1	6
sportlander_usa	1	9
brotherferdie	1	1
user/23366541	1	1
queen420bitchez	1	45
user/11864613	1	4
metakeaphoto	1	7
laurelslutsky	1	18
ricklessss	1	5
bpmilne	1	7
keewood	1	30
user/27395474	1	2
user/20532447	1	4
user/15094642	1	21
user/17283618	1	3
stacyknows	1	17
samshank	1	16
apertivo	1	4
user/14664932	1	2
lyndalpn	1	53
user/26613044	1	1
jimcaruso	1	33
user/25564021	1	2
maticxhr	1	5
shiralazar	1	24
nik_nik	1	50
castleresorts	1	2
beaufollett	1	3
user/15419443	1	1
abouthotels	1	20
hicandyleis	1	2
user/11366068	1	1
user/2621942	1	1
user/16879612	1	22
user/18635624	1	2
michaelvinson	1	21
bdgiesen	1	37
techbutthead	1	24
jubbabubba	1	70
kaileecrawford	1	19
katespeer24	1	17
timmermansr	1	27
tfbraelyn	1	1
user/9226898	1	1
chad_wilson	1	5
acburger	1	14
seoprasen91	1	14
user/9949100	1	1
user/13904857	1	5
thisisbossi	1	6
wetextdog	1	38
lyndsey1226	1	9
jenuwine	1	25
lchoor	1	3
bradyhahn	1	4
user/40986420	1	1
peteyrocks	1	1
crowdbooster	1	13
user/6968922	1	7
buylandonline	1	18
rtsnance	1	22
justushammond	1	19
user/11409682	1	26
runwiki	1	17
proteinwrangler	1	15
user/29250524	1	16
seememedia	1	32
user/25370654	1	5
turbo614	1	17
user/11685568	1	4
mrlitke	1	13
user/15702104	1	6
dailyaddict	1	12
thedewtour	1	65
user/12806389	1	2
4raam4	1	10
user/3841217	1	6
user/6737139	1	13
danylemelin	1	27
fairmonthotels	1	12
user/14620271	1	3
user/18433180	1	18
roose_ttb	1	3
jayfenster	1	11
joemirabella	1	19
user/4111521	1	16
polishp22	1	5
emfel	1	8
realtorjaci	1	16
springcreekgrp	1	14
user/27005464	1	2
user/12831305	1	1
buzzfeed	1	43
rohrrr	1	5
user/467396	1	27
user/5224542	1	2
user/20645317	1	20
pauli_la	1	4
user/564	1	9
allihagendorf	1	20
pfanderson	1	33
wasimpatel1	1	8
jaznijjar	1	4
jaycbee	1	71
thephilth	1	11
binowski	1	12
observerdallas	1	24
pedrodfonseca	1	34
user/38637782	1	1
zachward	1	42
abestanway	1	7
sumosteaks	1	36
aliciasbusymind	1	24
user/22190235	1	6
misslyz	1	26
madeinamericasc	1	46
ecdavies	1	4
estarks02	1	22
user/707362	1	13
user/23444298	1	33
user/40245447	1	31
jackyyiwu	1	27
user/278127	1	1
user/40319443	1	26
lalitbhojwani	1	10
user/21541864	1	3
readysetgrow	1	88
ghideas	1	6
morethanawesome	1	27
ckimmelshue	1	1
txtorch1	1	39
tarahfo	1	35
user/17282019	1	1
aytnsrgl19o5	1	2
boltron	1	13
kristiewells	1	49
user/32563078	1	2
user/10264576	1	1
le_fino	1	14
nandos_official	1	4
ocweeklystreet	1	15
user/308853	1	9
shopbrazos	1	11
user/35767793	1	4
amyvernon	1	46
sarahmworthy	1	30
tacanderson	1	44
nathanpdub	1	10
heatherzview	1	42
johnbkost	1	30
panpacificfest	1	1
msjadeb	1	15
othar_lawrence	1	22
user/20429534	1	3
carlablumenthal	1	18
user/320339	1	4
victoriafortnum	1	17
p/sunshine-village-ski--snowboard-resort-banff/2355786	1	3
turkishairlines	1	5
bharrier	1	2
user/25876607	1	3
user/6423962	1	9
loveyoukisses	1	37
jrypglsk	1	6
jcaboyte	1	24
domthenick	1	6
vincewilcox	1	13
user/19679298	1	2
tereset	1	21
bobatious	1	1
chelsa	1	43
user/39215497	1	6
elgauchogrub	1	8
user/5732110	1	7
user/23370644	1	7
user/12577223	1	3
user/40715211	1	2
user/6779947	1	2
user/2801120	1	11
user/12093360	1	1
davidfpatton	1	42
pornstartrevor	1	17
colbertreport	1	115
schuylerdeerman	1	1
hildaagoulay	1	4
joannerighetti	1	23
thegrammys	1	34
user/8363970	1	9
romanisbell25	1	2
user/13943063	1	13
user/3405843	1	1
aspendecker	1	22
nat1may	1	31
intlidol	1	7
nw_infrared	1	52
user/14099121	1	8
irmagurd	1	20
vegasgeek	1	20
davewaite	1	27
user/1378634	1	2
user/41272389	1	13
user/773791	1	3
joshm	1	5
user/12417145	1	1
mashable	1	398
user/12745245	1	53
sg_panda	1	2
user/5003321	1	34
user/9674821	1	2
chellfrank	1	5
melissyk	1	13
bethemedia	1	50
iamjosepalma	1	1
mbmakara	1	22
fromthebronx	1	17
britopian	1	56
user/26188258	1	1
user/11369929	1	51
user/25973505	1	1
user/21247994	1	29
user/8303840	1	30
brickalleypub	1	1
natalieafleming	1	4
saraenewell	1	4
user/1900172	1	5
msmarys120	1	19
danmaccarone	1	29
annabridget	1	12
starbucks_es	1	7
organovita	1	12
plawler	1	9
user/596158	1	2
curlee310	1	1
shuttlehugger	1	51
user/18366806	1	1
user/40877670	1	7
newyorkhabitat	1	10
davenielsen	1	7
alanmramos	1	48
user/36319100	1	21
user/18711484	1	1
user/8186514	1	17
user/16270963	1	1
user/26998037	1	4
user/11326089	1	3
user/4250590	1	4
lynneluvah	1	39
miketruong	1	5
imabima	1	4
crainschicago	1	25
jamiehayesart	1	4
skicarvin	1	17
lusciousnyc	1	24
amykocur	1	10
atrapalo	1	3
user/15876874	1	2
theonion	1	269
msf_usa	1	20
musiccoaching	1	5
joeluong	1	2
joelalvarado	1	29
user/17471868	1	3
user/17560541	1	10
mikewesterberg	1	12
user/7931835	1	2
user/16864788	1	26
steveakinsseo	1	35
user/13027688	1	1
42at42	1	6
user/5894653	1	2
user/1814481	1	39
user/10967605	1	1
user/15513684	1	1
user/31046227	1	6
user/4840451	1	25
user/31617777	1	22
noh8campaign	1	114
lotekjunky	1	1
espn	1	228
pahlkadot	1	35
user/22649637	1	1
mtv	1	349
user/7100902	1	15
jamieleecrum	1	27
metronews	1	51
user/6941778	1	3
user/16483909	1	12
bernadettmatass	1	10
whitneygenea08	1	15
sgbarnes	1	27
user/13124370	1	6
williambaobean	1	22
user/6739007	1	16
crushcomedy	1	3
joeclucas	1	45
user/29546549	1	2
user/1761418	1	5
user/7211288	1	1
user/11203277	1	26
camillens	1	16
ncpssm	1	32
dazedmagazine	1	18
l4u124	1	2
user/5970925	1	2
kristinaspinney	1	10
jbrobs	1	21
b_blankenship	1	28
contentkim	1	15
brycevredevoogd	1	3
2007_s2	1	26
camilla_sdo	1	61
nickbaileyrr	1	13
brandonmwest	1	7
user/41077394	1	23
zaharoff	1	30
connectyou	1	17
user/20152439	1	6
user/10745568	1	2
janina_marie	1	25
lukeaf	1	9
user/25899136	1	1
zinan76	1	14
user/18405653	1	49
wedgelee	1	58
richbltn	1	16
brandondicker	1	11
30minutesorless	1	66
projectdanielle	1	11
digitaltourbus	1	15
1027kiisfm	1	34
seattlemet	1	59
djolutosin	1	27
missshawnashley	1	1
amberellen_	1	9
skillshare	1	18
crashoverride_	1	7
user/1413839	1	2
tlongacre	1	2
user/5670713	1	11
dkr	1	18
briantomkins	1	47
realdanbritton	1	34
thedairy_design	1	11
gennynguyen	1	3
jonathanjddavis	1	7
user/27496311	1	1
sarahvargo	1	63
user/1243198	1	4
abbiesanderson	1	4
casaderafa	1	1
funnychristine	1	2
sharepointac	1	2
kiss957	1	1
krestylz	1	24
ourmaninmtl	1	23
theellenshow	1	372
yotsechan	1	50
user/40433830	1	1
f_factor	1	24
foursquarebadge	1	20
jessicaqchen	1	7
apgwoz	1	3
nyccouncil	1	3
joannabarbie	1	38
visitcedarhill	1	12
vagabndetroiter	1	20
user/32650274	1	28
mayhemstudios	1	93
user/15913593	1	1
parrisharris	1	27
synergybydesign	1	42
classyindeed	1	8
pitch360	1	8
constantiaps	1	12
user/18223611	1	6
yuffie1972	1	19
ahochoy	1	17
ruhanirabin	1	40
travel_buddah	1	34
nbcthevoice	1	16
genevievex3	1	3
saralshasu	1	25
antibride	1	26
jeabson	1	44
brett_ano_myces	1	14
user/5017259	1	3
user/20270316	1	13
user/1198912	1	2
desireevallez	1	8
kkoba33	1	118
mcm180	1	8
that_danielle	1	5
delawarere	1	4
user/29030440	1	2
grevenba	1	20
jnegretti	1	39
shpralex	1	5
daisygirljenn	1	8
cijibhnee	1	15
user/11167947	1	1
amazingemerie	1	2
nzajicova	1	17
p/vaynermedia/12190852	1	12
user/5599706	1	1
kristathomas	1	52
user/3002030	1	1
ambde	1	13
starrcheckins	1	51
rickalessandri	1	4
carlsorvino	1	34
user/17008072	1	2
user/7205828	1	16
vabeachsunrise	1	32
user/7918584	1	5
stepintomyshoes	1	15
user/535008	1	42
proloyc	1	1
beautyjudyblog	1	56
danidoodah	1	29
p/lancome/7598300	1	11
lane_bailey	1	25
user/16575958	1	17
user/21935302	1	1
whisenhunt	1	3
dallasdirtcandy	1	50
mooreisbetter	1	5
user/4255569	1	1
user/36427443	1	11
user/13787411	1	24
losing100lbs	1	18
user/11364058	1	4
user/1283753	1	2
timeoutmel	1	13
arizinhoo	1	62
catufunwa	1	10
yanceyu	1	134
user/540724	1	2
stephenpeeler	1	49
mrflip	1	10
slaunius	1	5
mitchykov	1	6
kipdurney	1	55
technopolitik	1	4
user/24207412	1	1
djyoungdirty	1	7
sherryfetzer	1	27
katrinaajohnson	1	29
dawnieslife	1	4
hajjflemings	1	33
wjasong	1	11
vabeloved	1	5
tomastokarcik	1	3
user/28366241	1	6
guentheralmaty	1	17
user/23143305	1	7
user/13184380	1	6
jordanchris	1	4
user/13380409	1	65
sarahdayowen	1	23
pamelamaeross	1	4
user/20261961	1	2
christophoclese	1	2
user/10760854	1	1
jackwrigley	1	18
foxyquant	1	3
sflfoodie	1	10
user/11155860	1	1
user/6984238	1	9
user/18832687	1	6
user/19533154	1	11
wil0520	1	11
user/19789982	1	4
user/14126306	1	15
user/15354796	1	4
jwhelton	1	2
joekanakaraj	1	17
comedycentral	1	79
user/8964341	1	2
megameetei	1	77
user/4830536	1	2
breakingnews	1	89
wryanturner	1	11
nathanhoy	1	83
dannybloomfield	1	42
user/12024190	1	1
mj_loop	1	3
user/39753219	1	1
zinfiend	1	25
warrenwhitlock	1	99
rhapsodyartist	1	23
jamestrobo	1	40
thebigdebowski	1	39
user/3827766	1	4
user/34332689	1	39
hnldriver	1	34
jamescaskey	1	24
ngilbert78	1	28
gartner_inc	1	9
lindsayyyloo	1	27
doyennedesign	1	34
lgloco	1	13
user/24235812	1	5
thegschott	1	2
joymachelle	1	2
user/9606512	1	1
user/32158792	1	20
norcross	1	3
user/20395484	1	6
user/11013092	1	17
user/22167374	1	2
user/30040527	1	28
mindofrob	1	2
user/9682986	1	24
rpilney	1	14
user/7189521	1	4
mmalkoff	1	32
laurenashleys	1	4
pwashere	1	7
everywheretrip	1	22
sumeet_jain	1	8
chayamichelle	1	4
topazinteriors	1	66
djaiden	1	2
user/11859452	1	2
user/25775684	1	6
austingrandprix	1	6
user/39632210	1	60
peteblum69	1	1
jcinis	1	6
4sqatl	1	22
astron8	1	18
jessiedean	1	2
skd3121	1	4
saintinc	1	10
user/8539368	1	15
user/3938054	1	15
user/185272	1	3
user/7443254	1	14
brandonscullion	1	15
johnbpetersen	1	1
cjoh	1	13
kymnasium	1	3
malibubrandy7	1	35
suggaa	1	14
agftmw	1	42
user/16542219	1	3
stephiesosexy	1	29
rickycam	1	3
user/8333641	1	1
user/14141750	1	8
onehundreddates	1	13
bonchonmidtown	1	19
user/40169838	1	5
user/27128042	1	1
steflovesmike	1	23
jackinessity	1	46
caitplusate	1	75
sfmoma	1	25
geneshiau	1	8
user/22052836	1	4
angelineoentari	1	138
user/578817	1	13
krystahynes	1	5
user/15077088	1	3
outdoordivas	1	15
user/3966552	1	3
user/9312037	1	4
amodeh	1	1
user/2686089	1	1
luisonline1988	1	32
franksterrr21	1	4
kantaap	1	1
shimpster	1	21
thachnguyen	1	39
magnolfi	1	30
tonyblass	1	37
jr_saez	1	27
lululemon	1	66
bkfaloon	1	1
russmk	1	29
lisavaren1	1	20
riyabg	1	2
carissaanneb	1	20
nugmag	1	14
user/27187923	1	1
user/32023565	1	6
vocus	1	7
pete_austin	1	1
user/2595961	1	3
user/27818373	1	13
user/23198959	1	2
user/36865950	1	1
iconic88	1	36
intel	1	79
user/28330	1	3
africandancer	1	4
patrick	1	12
ellenqueue	1	3
user/29016370	1	11
slowfoodnyc	1	23
andrezapinkamor	1	37
user/161973	1	7
user/17516990	1	3
charitywater	1	14
user/5895661	1	4
blackberry	1	128
user/1621938	1	11
user/28878425	1	1
sosofcentralct	1	1
ny007ny	1	44
annabloom	1	2
user/30981142	1	2
user/11394698	1	8
user/140788	1	10
user/28215344	1	1
user/38826386	1	1
omgitzfern	1	21
user/1637213	1	19
user/2040919	1	5
lancelfc	1	42
brookecornish	1	3
user/26791639	1	4
ddsawyer	1	25
markwhiting	1	3
ccdoan	1	62
dragonden	1	3
durails	1	1
user/504214	1	19
user/22273736	1	1
brittany_ann_	1	3
ritzcarlton	1	12
user/2375386	1	4
brokentreedist	1	17
alainarivas	1	42
user/25359596	1	43
user/4023230	1	5
technosailor	1	66
user/22874	1	41
user/434016	1	5
jordanenglish	1	6
northstarbar	1	40
dmcdowell523	1	26
user/18580227	1	2
kelleyfogle	1	14
jessicam7111	1	40
donniefranklin	1	20
bmwgugglab	1	4
spencerodell	1	2
starpadilla	1	26
monsterenergy	1	16
alexeygorin	1	3
meg_e_jones	1	4
jordanorelli	1	2
user/20448707	1	8
user/8340540	1	21
leclairdave	1	43
user/39433075	1	3
lauren_foster	1	25
user/22110657	1	1
user/4383010	1	7
hartviglarsen	1	5
jumperchick11	1	1
user/1901875	1	5
stylelistsays	1	23
bradgerick	1	15
gjdooley	1	3
user/23002110	1	1
iamkhayyam	1	81
supersamsays	1	32
graciesoriano	1	21
user/11228137	1	2
user/23950952	1	3
user/10345420	1	4
corcoran_group	1	52
chadcat	1	82
a_buchanan	1	10
aboutfoursquare	1	47
user/14331078	1	35
afpa1	1	9
boginyan	1	3
baofoodanddrink	1	6
jeep	1	45
user/16788266	1	1
crocs	1	6
user/2892607	1	4
mikulsky	1	38
dbfseattle	1	36
kylaapplegate	1	16
p/pcc-natural-markets/8608377	1	11
chiefkoboei	1	1
daisyteh	1	10
catgreggs	1	71
sonnyvu	1	18
user/8564087	1	1
diegomamelli05	1	11
user/24857743	1	2
jackwagner54	1	21
user/516714	1	7
athleticshare	1	28
user/17267497	1	2
nuesoft	1	8
godutchmobile	1	44
thepixelvixen	1	21
inboundmarketer	1	57
blanfordlaw	1	68
andrewgrill	1	30
themacstore	1	6
user/2681053	1	31
tony_at_2ntense	1	37
barracksrow	1	10
ljaniszewski8	1	67
thaz7	1	8
user/25757767	1	1
1charlesh	1	17
heapsofhandbags	1	1
dealfatigue	1	16
adriennenhester	1	28
user/23637270	1	1
user/14821	1	8
ash_nicholson	1	23
cj_britton	1	31
dankind2001	1	6
adamgranak	1	8
user/40879949	1	3
user/1241623	1	32
user/12535914	1	16
jasonwitkes	1	14
user/9495949	1	1
vh1	1	266
user/8660943	1	8
karidilloo	1	3
hodgman	1	30
nandimak	1	44
tacobell	1	34
user/7749001	1	2
hij1nx	1	1
user/23920364	1	2
cspan	1	50
redbull	1	273
teegause	1	35
clonek	1	1
andreastrejo	1	51
tneumann	1	4
postpolitics	1	4
downtownnyc	1	21
user/36444020	1	1
evonnebenedict	1	53
klseypayne	1	6
user/39450095	1	40
mommari46	1	68
giorgiotedx	1	35
user/15011482	1	6
styledotcom	1	71
user/12639245	1	9
robwindsor	1	2
user/3236440	1	34
koelbel	1	8
bonappetitmag	1	284
msmeshelle	1	8
user/9082822	1	7
alexgarcia	1	67
user/28958129	1	1
misterboh	1	37
afridaythoughts	1	29
user/7469405	1	10
user/27416747	1	2
stanford	1	45
jeremygimbel	1	1
taydan05	1	8
user/31596845	1	1
user/30880	1	7
adnys	1	169
lfatzinger	1	68
user/8048539	1	32
warrenss	1	63
user/23699832	1	3
fdncenter	1	7
newtimesstreet	1	18
newtgingrich	1	19
user/3075009	1	1
sinnerthedj	1	12
roxycoxxrocks	1	7
user/2924702	1	4
lightofatlantis	1	4
rebnorman	1	12
user/38307366	1	38
jennicake	1	28
jessicalawrence	1	8
user/23991190	1	4
felix	1	5
flwinecountry	1	16
activ8social	1	17
p/likeable-media/10929872	1	11
serna_allday	1	6
dweissaz	1	3
mamay2	1	9
lauralynnsings	1	12
sea_happyhour	1	86
doctortomi	1	2
agirlnameddylan	1	4
nick_mangos	1	1
user/19838078	1	1
user/9115757	1	13
user/18478321	1	2
abehrou	1	14
betsyvetter	1	5
user/16243958	1	2
markvogler	1	9
eranium	1	9
user/1301958	1	2
user/9016608	1	3
user/20956244	1	10
user/7635216	1	4
johnedetroit	1	28
meghugs	1	5
user/1172972	1	22
carlos_henry10	1	49
user/764915	1	29
user/26660857	1	7
washcaps	1	12
mauriciobritto5	1	12
melgordon	1	8
armainiac	1	17
user/2295232	1	2
user/1275757	1	2
keitharsenault	1	1
_somu_	1	12
socialsavvygeek	1	15
joann0173	1	4
user/15491099	1	12
user/16739066	1	19
user/6829698	1	11
robmontoyaaz	1	49
user/5545257	1	37
drbatten	1	37
user/10843148	1	3
user/36078393	1	1
beenishm23	1	8
mar1ellas	1	20
joshuagates	1	4
user/37706917	1	1
schachin	1	10
queensland	1	20
user/20277600	1	3
11carhun08	1	18
priscilaamatoss	1	32
adriarichards	1	24
auginbethany	1	10
bonvivantgirl	1	27
libawr	1	5
user/11337382	1	1
user/3462851	1	23
brianstephen	1	1
user/34874845	1	1
user/11238540	1	1
user/27704626	1	6
saralwin	1	17
czsupplements	1	33
wetherhaven	1	5
housparty	1	13
user/37270930	1	3
uwmadison	1	13
ajturner	1	14
lpt365	1	37
user/15660156	1	10
user/3480547	1	4
user/21860631	1	6
heidismilde	1	2
timreha	1	25
villanovau	1	3
user/36438252	1	1
user/24064598	1	22
kristaashton	1	9
user/107019	1	8
user/4847996	1	1
user/1291885	1	11
user/2292458	1	3
el_alexis	1	4
tastenyc	1	16
anildash	1	82
jwindm	1	25
bbsincere	1	7
deannie	1	15
user/28304395	1	24
kourtneelynne	1	38
dschrane	1	40
user/14667071	1	1
miquelgomis	1	5
user/20133980	1	1
user/23438536	1	2
johnshopkins	1	18
metromix	1	36
radbull	1	10
user/15517160	1	27
user/17051257	1	4
s_zangrilli	1	11
user/18572669	1	2
themeparkfrog	1	6
ajwerner	1	1
user/14152590	1	4
lawonders	1	25
user/38599086	1	31
heritageauction	1	3
cosmoonline	1	38
jayc4164	1	56
user/8384756	1	4
amsd22	1	10
claudioenriquea	1	1
chewbode	1	2
user/10570295	1	1
whitneyjayne	1	1
op_homefront	1	5
user/29375367	1	2
marathonjunkie	1	10
user/32477048	1	3
albertwenger	1	28
mineall5	1	8
bobby_paterson	1	10
visitpa	1	125
ramez	1	9
peli_	1	3
frediegilbert	1	8
artinfo	1	17
fmf2011	1	14
user/10836548	1	5
gossipgirl	1	162
jspepper	1	50
katebuckjr	1	112
sony	1	108
madewell1937	1	15
g_lovesky	1	4
datachick	1	33
user/36024583	1	38
user/12249938	1	1
user/1110582	1	35
user/2801141	1	15
mllyssa	1	34
ns0n	1	20
niamhhughes	1	13
caronsue	1	5
pbs	1	27
user/23298628	1	5
jazzyjade45	1	8
dogcalledphenix	1	1
user/2651574	1	7
wsj	1	284
nancyorganizes	1	5
roxannnne	1	3
ernestwilkins	1	20
bmcmsb	1	34
jennofthieves	1	10
user/820188	1	2
user/40310156	1	1
user/31622801	1	14
kenyonmaree	1	4
gypsiefree	1	82
p/official-ajb/810485	1	45
michaelfconnors	1	12
juanctirado	1	2
user/19003811	1	1
kazab	1	18
user/28640446	1	1
mdmonseau	1	21
user/25752283	1	4
user/2139065	1	7
seogoddess	1	57
user/9263	1	5
7thlist	1	5
user/1090721	1	1
anthonyshelley	1	90
user/2499051	1	4
foxnews	1	80
user/6122069	1	1
user/12608709	1	8
radiobrando	1	6
user/868418	1	13
sammanc	1	4
user/16170998	1	1
foxsmjr	1	18
jineshgheeya	1	12
ceonyc	1	4
rondastroud	1	14
darkdragonadal	1	18
chriscornell	1	13
charles_garc1a	1	8
user/12091930	1	31
user/40256405	1	1
user/14040101	1	2
abc	1	62
asu	1	45
user/25605787	1	7
user/16794204	1	3
michealnose	1	2
nycgov	1	58
user/21638827	1	8
user/15361522	1	4
niketa	1	38
bostonsirving	1	3
metrofocus	1	6
user/12812563	1	1
justaudrey	1	3
user/5552156	1	1
user/13495909	1	8
user/17712900	1	5
kace_marie	1	4
lensajohor	1	1
hearnebraska	1	1
sfgate	1	41
maxdembow	1	2
ihra	1	5
user/5071235	1	5
miranmaric	1	18
v8supercars	1	4
reneekrenk	1	18
alphasigs	1	12
user/9630760	1	14
user/37992913	1	7
user/27821016	1	7
kisstheboy	1	3
user/39554669	1	54
user/11052542	1	2
user/9261655	1	7
oxfamgb	1	13
dearmilspouse	1	1
sarahchambers	1	98
user/11398914	1	1
endovenoso	1	22
austininla	1	16
chinaprettylady	1	46
austin360hot	1	49
macktastica	1	11
kikapimenta	1	27
destinyroxx	1	39
randyyim206	1	16
pineridgecondos	1	77
missria	1	35
user/18825324	1	4
southsayed	1	10
zoepoundenttr_j	1	3
steph_marie_c_4	1	2
axilles	1	14
namakuwidya	1	3
user/23991987	1	6
ezadler	1	5
crainium18	1	17
jeffdaas	1	8
peterkchen	1	17
user/16030995	1	1
jesse_s_smith	1	9
user/39642214	1	17
user/40557292	1	1
matthewjleblanc	1	43
outspokennyc	1	17
emeril	1	34
user/2150711	1	2
myspashop	1	7
bsnyderii	1	33
eddgilbon	1	2
livedeified	1	51
user/12755314	1	24
user/30235194	1	27
user/365193	1	139
heyrosetta	1	1
sroberts7758	1	5
natxocastro	1	12
analyticus	1	20
jumastorga	1	8
dazzophoto	1	8
user/8679772	1	6
user/41252006	1	15
user/15569394	1	1
yodspica	1	28
cmmoffitt	1	9
scottbarnes	1	39
user/141167	1	5
raay19	1	26
juiceroyal	1	20
user/14097400	1	16
aashvini	1	3
loveablelion	1	16
sutahonthebeach	1	16
pop_bottles	1	5
forcemm	1	35
coppermtn	1	4
francischoe	1	24
thealexisbrooks	1	6
lushaj	1	2
cnet	1	25
brisk	1	44
troylogan	1	1
ourordinarylife	1	29
chicagoval	1	25
sloane927	1	4
user/40705018	1	22
dsmith124	1	16
psychmesu	1	22
user/12536292	1	3
user/23617073	1	46
user/28045823	1	1
user/3290774	1	20
67mele	1	6
user/22401676	1	6
tiff_net	1	4
user/36476767	1	8
themfactor13	1	9
user/15705488	1	6
sophier	1	17
user/4609458	1	1
phxntstreet	1	11
dggoes211	1	30
user/2470051	1	2
user/21144584	1	1
smsjoe	1	18
charlottescox	1	29
maryforrest	1	24
pattydao	1	16
david_gv	1	1
alex_segura	1	18
user/12515498	1	1
whizhouse	1	26
user/13090987	1	40
rubenorozco	1	22
doctormosler	1	5
zephoria	1	50
lalupuslady	1	26
sig727	1	32
user/39888219	1	3
user/30124136	1	22
azjibaro	1	17
user/33803139	1	5
brittsblurbs	1	1
user/11610461	1	35
user/2727556	1	34
publiclybailey	1	1
teamcoco	1	131
user/21038832	1	2
melanie1825	1	11
thepatmorgan	1	16
itsmejoolie	1	7
user/5631443	1	1
kevinrose	1	120
psi_arturo	1	2
shanerwright	1	24
elisia66	1	6
shaila	1	33
user/7595951	1	14
user/36406782	1	7
user/4131919	1	26
danopaquette	1	31
joinred	1	127
ethoz1970	1	1
user/25074219	1	13
hilary_brooke	1	29
user/12701894	1	5
koelnformat	1	8
tstitt	1	41
user/11573534	1	32
problemwhitegrl	1	3
user/385269	1	1
vak1111	1	1
krzimmer	1	64
missingsonics	1	22
user/1717028	1	5
user/26741695	1	20
atlimbo	1	21
wallyparksea	1	17
user/6354851	1	8
caseylynnmms	1	18
user/376740	1	11
user/11278556	1	1
andrewphelps	1	23
kennychesney	1	33
marathongary	1	47
victorzinhow	1	47
dvinmsm	1	155
bradtnw	1	12
user/12321483	1	5
scottmonty	1	65
user/120476	1	2
forechecker	1	2
mattdanzico	1	9
usopen	1	34
trumpcollection	1	11
brett	1	149
kevin_m_king	1	2
user/16887027	1	3
chrissanders23	1	3
user/25285628	1	2
vojacque	1	1
user/13140857	1	1
zaibatsu	1	119
doritosuk	1	13
scienceesl	1	18
user/2470464	1	1
kassidyv	1	3
soloibiza	1	50
que_so_dip	1	4
brady	1	58
user/7603236	1	1
user/13788646	1	8
user/13393978	1	4
__juanantonio__	1	16
user/13160125	1	7
gmacch	1	40
lauriann1113	1	7
user/28695693	1	2
marketingm8	1	42
cwaxler	1	27
realstevebeam	1	3
obamamerican48	1	15
user/707376	1	5
getouttamyhead	1	1
heath_excessdb	1	31
officer2082	1	36
user/28025516	1	26
user/41043845	1	33
phonescooper	1	24
user/1660407	1	22
user/650058	1	1
user/14237103	1	8
rohitbhargava	1	92
erok	1	6
endogoddess	1	33
bosovalexander	1	13
user/29001132	1	32
sdodson	1	1
laignelet	1	12
vnutter2005	1	17
user/28217887	1	1
dough	1	58
sceshultz	1	5
dwescott1	1	3
user/14312853	1	7
kristen_mercier	1	29
user/17910613	1	1
user/19916930	1	5
user/150989	1	38
harisamin	1	2
user/19034209	1	3
whiskeybluela	1	5
timlindley	1	16
bertrupp	1	13
victoriabowring	1	10
user/34772249	1	29
user/7320211	1	1
user/610250	1	1
user/31930924	1	7
user/1119876	1	28
damian_hunt	1	3
tkeyes8	1	20
user/39421114	1	2
the_real_rosen	1	2
user/12854088	1	10
pcc	1	26
mad_dawn	1	56
user/178207	1	17
user/1854675	1	10
good	1	90
fancyrealestate	1	12
damianwunderluv	1	3
user/1036351	1	22
discover_uw	1	4
heathernaut88	1	48
omarmorel	1	9
p/northstar-california-resort/12673798	1	46
user/25000069	1	1
user/39374128	1	2
denins	1	52
griner	1	7
user/23429229	1	1
starbucks	1	552
user/20498493	1	2
digitalroyalty	1	39
danieldreier	1	34
user/5006707	1	28
jakedylan101	1	22
user/9491846	1	3
karmacoma77	1	30
user/9570997	1	20
bahjournalist	1	44
user/20865784	1	18
ecoliving_	1	25
iranparazit	1	1
musiccitytaxi	1	13
user/35404344	1	2
puddester	1	67
amyeburton	1	25
ryanstar	1	15
charitys	1	12
user/8818724	1	20
seiji13	1	28
jameyrivera	1	1
ifc	1	132
user/16988406	1	3
ialen	1	20
user/20047869	1	2
spinmagazine	1	91
user/868185	1	1
user/31049501	1	8
christie_burke	1	21
misspauleena	1	25
user/14285336	1	11
shnuddy	1	4
crystalpalting	1	2
lolinroflin	1	9
user/38348956	1	1
myheritage	1	1
choopes	1	3
linthecity	1	3
user/22324628	1	3
adamstorr	1	4
cadenas_pablo	1	11
airshopgun	1	20
ruroulette	1	2
patrickallmond	1	2
jennlynnmorris	1	15
n8thesk8	1	37
rbonell23	1	12
brainw0rm	1	3
user/8030314	1	1
theandresl	1	43
calebelston	1	26
notoriousemlav	1	15
alexpaulski	1	12
mindofandre	1	71
user/11694013	1	1
user/26461402	1	3
user/1970396	1	39
theskichannel	1	3
gillianilvla	1	27
danykac	1	10
pgomezjr	1	20
islss	1	58
mpie8	1	4
rothsteinjewlry	1	8
slangeditorial	1	3
stodrick	1	8
usatoday	1	103
user/2371288	1	16
jeremiah	1	48
dbvickery	1	15
kprobbins	1	28
halfbrown	1	73
nashvillesounds	1	13
user/13780197	1	7
user/30213119	1	37
outmagazine	1	18
codingjester	1	2
user/20699762	1	1
user/7949784	1	2
dgrreen	1	20
davekerpen	1	80
catchcarri	1	24
user/11370729	1	2
pdxpinano	1	1
tehstigg	1	1
user/4794169	1	247
brunobyington	1	7
emiliad	1	76
tripointsports	1	38
mindonwine	1	7
brianalovekrull	1	10
mobea	1	30
user/21464367	1	14
timdifford	1	8
scottcllns	1	25
user/9465081	1	104
sarahbethrosa	1	54
jasonmrudolph	1	9
p/today-show/1223577	1	130
ivonamission	1	7
ms_jackson124	1	13
nbcphiladelphia	1	40
user/3344772	1	7
user/5225546	1	1
franshelmond	1	62
user/24794	1	25
user/8675937	1	1
tgdietz	1	22
markfidelman	1	32
p/wibiya/12917796	1	1
laweeklystreet	1	78
kjohnston5	1	3
markriffey	1	12
themorningfresh	1	22
autumnnftw	1	5
travelitalia	1	57
user/9966601	1	1
jimangel2	1	2
samsungtweets	1	34
vboxoffice	1	10
user/2539787	1	1
glorialloyd	1	30
user/23608893	1	1
user/2282113	1	43
user/35050250	1	1
tjmediaguy	1	3
nilsgranger	1	28
user/14237839	1	4
cirque	1	43
simple_songbird	1	1
mikeschiemer	1	34
wendylpc	1	19
tate	1	16
thegrio	1	33
user/16858925	1	3
user/5023936	1	5
thinknewmedia	1	30
horzadevil	1	11
matt_nelson	1	21
user/20752425	1	9
user/1204185	1	1
hutchmo	1	7
pjkinsella	1	3
user/4710339	1	41
ejespejo	1	10
princesshu	1	42
scottrasak	1	39
melissagomez	1	20
user/702885	1	22
user/12269005	1	2
user/13798841	1	2
4sqmobile	1	5
user/15939383	1	5
gradylocklear	1	4
mattannerino	1	3
baltimoresun	1	22
nick_rehm	1	30
user/29463	1	29
redzones	1	3
travisketchum	1	10
colodawn	1	7
panoramic15	1	7
hyuninc	1	31
arylist	1	6
governorperry	1	9
user/18987411	1	1
user/26866341	1	1
sunintheskye	1	4
presnation	1	16
user/10137010	1	8
user/38422758	1	18
user/3307225	1	32
hiltonseattle	1	7
user/10318846	1	27
user/3558682	1	27
simonetweeting	1	1
scottrsmithpr	1	6
user/8612719	1	3
igifischer	1	29
user/38391	1	3
iprincemb	1	28
user/172069	1	17
user/7638524	1	17
jerseygrl	1	29
jordanmabe	1	9
kellyrkassen	1	2
user/29331710	1	4
user/26608612	1	23
kipnisstudios	1	20
prsarahevans	1	80
mirage9988	1	1
itylera	1	5
user/3578737	1	3
ashsmeltzer	1	52
user/38956927	1	1
user/28735343	1	3
nickpgreenfield	1	3
rigginsconst	1	2
ohyeah_her	1	24
krochmal	1	41
adrianhummel	1	7
ronilsonkosta	1	16
user/24533973	1	1
grandpas_closet	1	3
user/2798242	1	10
davemorin	1	92
user/34321637	1	1
user/12245060	1	3
user/31652552	1	14
user/10338868	1	2
kellypurkey	1	4
user/14044808	1	6
donrohr	1	6
buckdaddy	1	36
claypruzinsky	1	18
williambeutler	1	9
user/18520112	1	1
runningtoprize	1	6
slkeene	1	43
jambajuice	1	44
user/13104399	1	11
baratunde	1	172
theexactlee	1	3
user/19846974	1	12
leahlovin	1	16
philaunion	1	20
user/18956781	1	3
user/24476970	1	1
user/10496459	1	2
n4_bb	1	19
user/6959745	1	22
mikeoneilrocks	1	62
user/19021638	1	10
user/12684783	1	1
1000museums	1	2
bytemarks	1	46
eater	1	174
vnl	1	88
dailycandy	1	77
minderelly9	1	3
davidrbonanno	1	3
user/4945059	1	22
user/11384979	1	2
bmi	1	10
smc_la	1	3
gregarious	1	62
barackobama	1	197
clementbryant	1	3
adcunningham	1	32
crossga	1	76
kg	1	38
user/7120880	1	11
user/32571943	1	14
phillipsderrick	1	46
heymemoirs	1	6
udcourtyard	1	29
user/26087295	1	1
user/28203799	1	1
user/1458612	1	2
katieblaine	1	19
painspeaks	1	64
phvegas	1	33
user/3188366	1	16
westondesignvt	1	15
matthewliberty	1	18
user/21341726	1	2
siravington	1	22
seq23	1	13
bripena	1	4
user/4981043	1	21
user/1165470	1	1
def1ant1	1	33
user/27727122	1	3
user/4220129	1	10
user/11683	1	17
user/11642859	1	2
user/7252639	1	39
user/22656671	1	1
johaneckman	1	2
baranek	1	17
kat_opie	1	5
blazingfig	1	30
ingridcamacho	1	18
carrieluver	1	61
ranieridjguache	1	43
waylonn9	1	12
casintx	1	12
thomascrampton	1	38
user/23931020	1	2
jeromeshaw	1	2
ozerhawa	1	5
pnlamandre	1	3
user/1859555	1	3
user/1717188	1	3
user/22242300	1	78
user/20688781	1	11
freelilly	1	30
mazdausa	1	53
user/19316075	1	1
user/977095	1	4
user/12635575	1	16
p/jonavennci-divad/12342622	1	1
user/5805101	1	1
arnoldvsabben	1	16
user/25361750	1	12
user/2018169	1	32
josiahway	1	1
user/36880	1	2
djune21	1	26
user/21757791	1	8
curlyjazz	1	21
giants	1	20
user/24656893	1	13
2thetopdesign	1	3
user/65568	1	2
suave_son_d3vil	1	3
user/13687659	1	48
4sqaddictinfo	1	55
user/1262717	1	34
explorethebruce	1	1
user/6094057	1	8
justjulie	1	55
jeffrey_stiles	1	2
user/18105438	1	1
mfcmag	1	2
user/1074300	1	3
theycallmetree	1	6
alvarezjulian	1	6
jsullivanj	1	6
carlamcgov	1	28
katehudson1017	1	53
jestershash	1	11
lucho4ever	1	2
user/36202183	1	22
tmobile	1	24
thespotoffmain	1	4
user/9515782	1	3
laurabradbury	1	25
ijody	1	19
kurweb	1	1
adria_betalab	1	25
user/2206964	1	4
karaph	1	15
vintageandmoore	1	130
kegill	1	21
user/3617950	1	5
user/22101575	1	4
campcreekfarm	1	25
hottweils	1	2
user/16809336	1	6
errolcockfield	1	1
tiffanyk	1	4
user/36565864	1	4
leotwit	1	13
user/130771	1	66
cassypie2000	1	10
ralphpaglia	1	57
user/3548796	1	2
user/38432168	1	2
jenicemarie	1	8
user/39949660	1	6
mattmuller20	1	3
user/27814749	1	1
healthylosergal	1	19
jtrotmanjr	1	5
motiv8ed_2bfit	1	6
puccetto	1	4
user/41438236	1	34
user/3006001	1	7
eatingitup	1	17
jasonbakeraz	1	25
user/15215966	1	4
orahaman	1	2
user/1170140	1	1
user/11740721	1	2
da_spot_	1	62
user/17445025	1	20
user/39335283	1	6
user/18893602	1	4
mlktoscl	1	20
nickychips	1	26
ladyniki_59	1	71
katyjack	1	11
user/10863957	1	1
user/24193854	1	4
reinventingcole	1	26
user/35117942	1	5
simonvankempen	1	16
beefurjoe	1	4
user/1727292	1	10
slidestream	1	4
user/13320325	1	14
rickmurray	1	37
jenmitlas	1	18
ravshmuel	1	12
user/23757406	1	2
explorechicago	1	73
oneslyone	1	22
user/4976819	1	98
derrickminor	1	22
pepsi	1	128
user/20143938	1	12
felicia_carmela	1	5
timoreilly	1	69
larry84bln	1	31
thenicolebusch	1	13
user/12451823	1	2
annaobrien	1	46
lunaparkconeyis	1	1
mariosundar	1	21
user/5780507	1	11
fosterthinking	1	5
user/1622477	1	18
user/34384010	1	5
finderic	1	9
user/25702325	1	2
user/7678110	1	2
user/35096654	1	21
mahmoudjuma	1	17
user/17205394	1	24
muralibala	1	6
user/19526254	1	1
jamienyc	1	14
killertuna	1	14
user/2474284	1	1
paulbarron	1	38
user/21363860	1	1
user/14534449	1	2
user/10860956	1	7
ginaschreck	1	58
crainsnewyork	1	21
aroundphilly	1	25
joemfbrown	1	8
andreadilieto	1	20
comedianwillc	1	2
blushingbasics	1	2
user/7598649	1	1
user/4212060	1	1
lazarusross	1	12
oxygen	1	9
heymattkirsch	1	5
user/19500085	1	5
elizabethglau	1	28
user/75430	1	1
livenationshows	1	84
user/20022452	1	1
user/22735711	1	4
prnicolev	1	4
user/7411824	1	1
vegasvcard	1	41
champagnehouses	1	19
user/1544139	1	3
user/21719531	1	10
rich_wong	1	6
jrhunt	1	12
staciasellshome	1	32
kmsieminski	1	9
user/26204093	1	7
ienner	1	33
nickjukowski	1	7
mikedreyden	1	10
thunderkaraoke	1	21
dcunited	1	12
porterairlines	1	4
manhunt	1	17
jon_peachey	1	3
grahamegger	1	48
user/2519680	1	5
user/169007	1	37
jayded_dreams	1	25
hardrock	1	41
user/16361042	1	2
bigboi	1	102
user/2331330	1	1
8bitkid	1	12
user/30445154	1	3
cheesemonger	1	11
nayu27	1	1
user/223244	1	4
lizzau	1	7
mytunez	1	129
user/10302667	1	8
99_100thmonkeys	1	38
hbo	1	60
bill2028	1	75
s_belhsen	1	4
user/37323741	1	1
olemissrx94	1	44
user/1174840	1	2
djmyk702	1	5
jasync66	1	5
user/1783431	1	10
litlfaiv	1	4
ay_cee	1	14
user/13567422	1	4
alex_elite	1	1
user/2567171	1	6
jonlandrum	1	2
eatrealthings	1	21
user/32691830	1	4
atalexbooth	1	5
artocalypse	1	20
ctcfit	1	77
oldfascination	1	2
bradcbarker	1	45
rcrdlbl	1	16
user/30253199	1	36
mls	1	28
user/25743303	1	1
akifmalik	1	24
jaldous	1	52
user/19018628	1	1
heyitsliam	1	4
rickbakas	1	67
jeanniecw	1	27
user/746234	1	15
user/318041	1	42
strawb3ryfieldz	1	35
user/17835997	1	2
mariajesusv	1	32
user/4859015	1	1
abovethestatic	1	11
jazznowseattle	1	11
206andrew	1	14
jayhen9	1	2
allthingskate	1	28
user/23853938	1	2
noricat	1	8
user/19992205	1	2
user/17750813	1	3
joshuaschwimmer	1	21
user/3010419	1	28
user/21517111	1	1
meghanbpetersen	1	5
ciscosystems	1	5
user/10999993	1	22
skype	1	37
rockingcomedy	1	7
user/11339646	1	2
briansolis	1	77
audi	1	93
msoltanifar	1	25
alexisohanian	1	23
cattizle25	1	10
makmakdaddy	1	64
ricksender	1	33
user/30884369	1	3
user/13146990	1	21
user/18256329	1	8
bniddys	1	5
p/birchbox/7088173	1	17
roadwarriorsusa	1	37
emo_israd	1	2
user/34815975	1	13
yejnes	1	8
almostveggiedal	1	32
user/27827747	1	4
leroidetasse	1	1
user/22269536	1	3
lindalopez	1	31
user/7146034	1	4
nananepo	1	6
jessicaneale84	1	6
user/574720	1	26
brwn_bom4	1	15
michaelbmoore	1	76
user/26560040	1	2
user/13489354	1	2
user/11860743	1	1
user/7042023	1	28
paulbernieer	1	11
bradfordb	1	2
merrybubbles	1	11
craignewmark	1	59
sjs731	1	1
craftalliance	1	2
danifankhauser	1	51
sagebrennan	1	18
user/12461790	1	1
inthescenemiami	1	29
gothamist	1	9
nerdboy__	1	2
hank247_pt	1	27
johanne1975	1	45
nakedcitylv	1	14
jordanadrell	1	1
phils08champs	1	13
social_citizen	1	25
ussastaffing	1	42
pdxgeekcouncil	1	6
user/26464445	1	10
user/6484132	1	2
_aldickson	1	41
tanveer86	1	26
jayadrathsingh	1	1
vinnyfureels	1	23
user/38904367	1	14
usnatarchives	1	14
onecampaign	1	15
insperityjobs	1	46
elspethnolen	1	4
jennifered	1	64
yankees	1	21
user/4613552	1	16
frappuccino	1	131
unleashedpetspa	1	8
sheaanything	1	1
iamschwei	1	10
marquisstyling	1	15
user/2982057	1	3
aidsgov	1	14
celo4life	1	21
jrachelle7	1	8
icecoldjd1906	1	22
user/16563915	1	5
evampaez	1	19
frommerstravel	1	41
jorenerene	1	29
nathalykolp	1	16
tajmahalmumbai	1	1
robatbean	1	45
user/16650104	1	13
user/3330801	1	4
spin1038	1	1
meowbetch	1	21
foodimentary101	1	56
user/1476208	1	2
user/13236866	1	2
mchammer	1	81
codeundkakao	1	1
user/22377328	1	14
reneejross	1	17
jakelichtenstei	1	7
blabbermouthaz	1	1
user/22955657	1	1
magnificent_78	1	5
thepatreidy	1	10
mtomasetti	1	34
dubohsix	1	10
viperdayle	1	9
user/2377388	1	34
bwlucas	1	2
measurecp	1	11
user/27207837	1	42
andrewsabat	1	79
gqmagazine	1	114
nycparks	1	33
user/35155679	1	12
thedrakehotel	1	6
user/40898008	1	57
mikeposner	1	20
techcocktail	1	9
willy_wopper	1	38
innab	1	35
user/8341801	1	3
user/195820	1	1
_joeysmacks	1	2
ciup1	1	8
irisheyes1982	1	38
j0ey25	1	27
user/17918256	1	3
luciafelix4	1	27
rocktique	1	46
kayak	1	19
kimhollenshead	1	39
melissa_mjp	1	1
user/27049029	1	23
your_team	1	1
iamglennmiller	1	18
alexandrapool	1	10
nelbeenews	1	48
glengilmore	1	77
mikeadamsphotog	1	83
ironingyoutube	1	27
timhoefer	1	3
brittonclark	1	18
stayheated	1	25
ussoccer	1	55
marissalk85	1	24
user/21090111	1	1
user/12269697	1	6
user/2451117	1	5
colinglenn	1	6
sargenaldo	1	10
ms_mcmillen	1	3
user/16659363	1	8
sijj786	1	3
thepeterha	1	35
user/11553209	1	6
user/4234917	1	5
riles_c	1	8
fsbwelfenburg	1	2
rsineat	1	16
hobsandiego	1	9
redbullracing	1	19
user/23527695	1	23
hrhutchi	1	6
user/31503181	1	3
makeupartist524	1	1
eyeonannapolis	1	34
qwiqq	1	26
umdeema	1	23
jeffdachis	1	11
whosthekoss	1	16
user/14319481	1	3
johnem1969	1	13
jenmoses	1	2
cindyking	1	10
user/5904925	1	4
miriamtorrente	1	23
wooong	1	1
theheightspatch	1	1
user/37631707	1	22
pnwnetworking	1	8
millerse1	1	2
scoutshonor	1	86
user/27821512	1	9
kellishives	1	31
newyorker	1	174
suckaplease	1	18
rowiro	1	89
viktoriabk	1	28
user/3884393	1	1
tweetfind	1	25
badanalog	1	5
derekwjost	1	4
user/1268091	1	17
user/21655817	1	1
isonnydiaz	1	18
ellemariepawley	1	2
user/13136605	1	16
brittgonzalez	1	3
user/1117528	1	7
roymrad	1	23
scionboo	1	10
paul_yeomans	1	1
user/936664	1	1
notecardgirl	1	19
user/22929770	1	6
lucyssanchez	1	40
user/12759215	1	3
sexymommy2009	1	75
poofleia	1	54
nisaparis	1	7
scottdreyfus	1	42
sharanyanlk	1	25
user/38183965	1	9
user/21052206	1	5
brendamontreal	1	2
user/27899746	1	6
rtgiordano	1	2
mktgnerd	1	24
user/24006778	1	23
user/7646452	1	3
iraisfaura	1	5
user/1161856	1	3
osakasteve	1	9
robhitt	1	29
user/1541031	1	14
p/playboy/11459153	1	62
user/4914686	1	4
user/19995923	1	1
louisvuitton	1	184
jasonmoriber	1	14
user/41245124	1	2
user/114208	1	1
user/8160538	1	9
user/1517502	1	26
jessikag	1	5
planesandapples	1	11
kosame06	1	23
mariegolds	1	2
_juliane_	1	1
user/34275346	1	1
livingsocial	1	48
lalehfarrah	1	8
blakeimagery	1	25
traceyschroeder	1	4
user/7966610	1	17
user/2898565	1	27
tommystearns	1	32
colorado	1	42
sunsh9s	1	38
alliemo88	1	2
nydailynews	1	59
digitalmktggirl	1	25
user/41138942	1	35
fmxonline	1	14
user/10106799	1	9
angelaecarder	1	28
mellowaz	1	13
kelleyapril	1	27
icharlinreyes	1	1
psipame	1	3
aorshan	1	5
mischiefinvegas	1	10
user/3604814	1	2
douggaynor	1	79
twinity	1	1
edstransport	1	17
user/8283498	1	2
hotelinsight	1	11
unacatalina	1	10
user/34315977	1	4
juicy_couture	1	31
user/2783823	1	68
user/25696643	1	1
stylistadvocate	1	10
user/88535	1	3
user/21889202	1	3
bellasssparks	1	43
user/40969261	1	38
joelburns	1	2
user/36753026	1	28
user/36529919	1	14
fritzism	1	22
dilanng	1	6
user/81372	1	32
ancientpeaks	1	5
l4g0s	1	25
sherilynn75	1	26
emmegirls	1	94
brimer	1	26
teach42	1	14
user/17867186	1	2
jenn_rudolph	1	2
paulbz	1	2
user/11979222	1	59
thedailymel	1	18
user/7194483	1	16
mattable	1	12
schemadyn	1	46
rag5051	1	65
broadcrawford	1	5
user/1305463	1	23
bradleystylenyc	1	33
user/8991629	1	1
chizadillac	1	5
heatherdmarie	1	42
lanivoivod	1	22
user/25078856	1	2
user/18370164	1	2
adrianfrg	1	10
uw	1	25
user/3983691	1	4
duendelivre	1	1
esquiremag	1	49
kk	1	57
user/21959093	1	28
whitneymeers	1	21
kuhn	1	38
rprachyls	1	13
user/19069824	1	1
inyomido	1	11
stbox	1	3
user/2435879	1	5
mcurtis808	1	9
user/6422602	1	3
margaaareeta	1	1
carribugbee	1	37
j2d2j2d2	1	2
user/11841734	1	37
user/1389596	1	7
dontgetchopped	1	6
user/37609694	1	8
jprobitaille	1	7
user/2734203	1	2
user/33137538	1	16
of1nfluence	1	6
michaelamcgrady	1	4
loxly	1	16
dascarrotop	1	25
user/32383803	1	3
user/14216628	1	1
bellahairxten	1	19
mikekarnj	1	14
maanumodex	1	16
vladimirlarose	1	21
danielleguizio	1	14
user/30126238	1	2
stevehall	1	91
user/25723549	1	4
ebuzzedge	1	36
barchefge	1	12
cuchullainn	1	8
user/169031	1	1
user/16563901	1	1
chimeracoder	1	14
tannermoehle	1	5
user/4285946	1	17
sunniesouthern	1	5
user/74417	1	52
qbank2	1	3
matthiaslimmer	1	12
stevegogreen	1	57
russellyermal	1	21
senatorsteve314	1	30
atastefortea	1	31
user/30297774	1	61
medicalquack	1	25
blond_olala	1	1
olycannamed	1	19
maira48114341	1	40
missmason	1	7
timeoutnewyork	1	126
jessicakm2	1	47
user/14264310	1	2
user/1334658	1	3
dalehipsh	1	42
jimprosser	1	10
joelyoh	1	1
natgeo	1	38
louplaia	1	26
ambassadorbruny	1	13
user/12900384	1	3
waynesutton	1	122
jonathan360	1	71
cloggin	1	4
user/7418013	1	13
user/7248102	1	4
chrisgriswold	1	4
sam_rodriguez_r	1	67
jeremiah_allen	1	19
alexjamesfitz	1	16
scwbkk	1	2
user/15348323	1	3
catahouligan	1	24
bmarr	1	4
sixydukemom	1	35
lilyshumleung	1	8
user/1984753	1	2
vice	1	5
threadless	1	22
gatorstompin	1	1
user/27826731	1	3
user/36849545	1	4
iowastyle	1	14
user/17657330	1	2
user/2523105	1	27
nasa	1	244
user/19292807	1	3
kristenskimom	1	8
user/5431319	1	3
jeannemariepics	1	48
motorphilia	1	17
kdub82	1	1
ryanjz	1	41
user/30010739	1	1
mattbuchanan	1	6
user/8313025	1	2
user/4547435	1	18
womenshealthmag	1	45
user/19532117	1	1
user/15276386	1	9
allistercarlos	1	14
user/3004340	1	23
chizellessalter	1	10
amberweinberg	1	7
user/2232051	1	3
resistencejack	1	4
c_banman	1	11
user/8988850	1	6
theurbandaily	1	30
deepseablue	1	7
me_max	1	14
alexredmond	1	8
menum01	1	27
ski081	1	8
user/420741	1	2
user/23149629	1	4
paddynoeggs	1	34
cocktailparty	1	3
laurenjbuchman	1	4
user/23609853	1	3
missalyss04	1	2
kenbot	1	11
user/110098	1	1
socialkaty	1	49
kentspeakman	1	50
jenw87	1	7
bigkarma	1	17
imdjddddave	1	21
dc_design_print	1	6
stales	1	39
ilovegarick	1	47
lizmacload	1	26
sanfran1975	1	23
thomastowell	1	38
user/52842	1	7
vettieroe	1	11
user/9672598	1	1
user/37758005	1	3
arifuchs	1	15
realestatemyway	1	27
user/564633	1	21
lmsagency	1	52
user/12501650	1	1
dougburos	1	28
user/2925619	1	30
jodybossert	1	19
actressdanielle	1	3
rtmindler	1	52
revjohn_316	1	22
adamostrow	1	57
p/sydney-observatory/12169598	1	1
nandonco	1	9
rosevillerockln	1	3
user/25398656	1	1
user/7717680	1	22
techfrog	1	69
0mkarr	1	10
adamsmm28	1	7
dandotlewis	1	6
user/7826786	1	3
user/13273397	1	28
shannonkin	1	29
shawncarter03	1	25
joshkersey	1	1
user/3312129	1	9
user/36374500	1	48
user/29653161	1	11
user/19462248	1	2
user/2197957	1	1
woodychandler	1	42
slackerradio	1	34
wallpapermag	1	27
hiddnmickey80	1	23
cigarcurator	1	12
cyndi_r82	1	25
thetinno	1	2
user/21687577	1	4
debra11	1	21
user/36413424	1	13
user/21372840	1	8
wintacoma	1	49
gonzaloluengo	1	51
kellyemiles	1	4
aaronaccetta	1	7
adamdlambert	1	62
bzamacona	1	3
user/1687353	1	1
user/6706086	1	2
drjamestla	1	2
cyberdzynes	1	11
camplommer	1	10
user/13739252	1	5
lathonjames	1	53
user/22207980	1	4
user/13039312	1	2
user/8881165	1	2
seranatos	1	10
chrisirmo	1	13
kevingmann	1	2
topguest	1	46
user/17516314	1	3
keuduraes	1	27
_pius	1	3
schneidermarc	1	4
user/9913358	1	10
cnn	1	319
user/11316548	1	3
unmarketing	1	60
user/25698193	1	8
user/35973472	1	13
user/6384715	1	9
foodnetwork	1	299
hc	1	24
tarasuan	1	9
patdocmurphy	1	3
marco_demerling	1	24
admiralchristy	1	1
kevinmarks	1	45
nbaf	1	1
obrats	1	7
dustinjmcclure	1	24
hoteltonight	1	22
user/11443174	1	3
micah	1	73
user/243031	1	7
the_real_shaq	1	102
ckrewson	1	9
capriitaliano	1	47
user/25779863	1	1
thefader	1	24
user/1008139	1	4
shellyweitz	1	5
user/7928369	1	16
juni_dsm	1	14
user/2735715	1	1
dolcegabbana	1	29
alihatfield	1	11
user/4919415	1	2
nicnak	1	29
moirasm	1	22
marshallstrattn	1	42
jtucker65	1	50
yankeemeginphl	1	17
toddjolmstead	1	31
user/6067196	1	3
johnny_dubois	1	11
aliciakeys	1	95
user/19234070	1	1
user/41189183	1	3
mariners	1	32
billyfranks	1	46
jeelsays	1	3
indyfitseniors	1	30
user/12757203	1	14
louiebaur	1	54
user/26329788	1	1
mliimatta	1	9
tottums	1	4
ambi_bambi	1	23
inebriation	1	25
thedailymeal	1	28
user/16148900	1	22
user/1522898	1	42
user/21374234	1	7
user/27600398	1	4
leilali39426164	1	13
user/789875	1	6
chobani	1	25
user/3930249	1	10
user/2643244	1	19
mwilliford	1	2
user/28627270	1	11
user/12848060	1	3
rsullivanlaw	1	10
user/480918	1	3
djtimdogg418	1	8
user/4115250	1	3
jsamuraitp	1	15
bossladycaity	1	30
fitnessmagazine	1	63
richgor	1	3
megan_calimbas	1	19
ameemaahmed	1	2
user/21396825	1	28
user/21871616	1	2
user/161634	1	7
user/35885	1	16
bemjoiner	1	8
nypl	1	55
user/12977045	1	5
jakefournyay	1	9
ckundo	1	4
oscarthiers	1	7
user/37934192	1	1
user/29773950	1	6
user/21049285	1	4
thedistillery	1	10
jnjoiner	1	8
user/17539725	1	4
user/697117	1	19
user/11016189	1	18
user/6121217	1	7
gestalterhuette	1	15
carefreevegas	1	63
fatirs	1	29
gpechmann	1	11
philtoronto	1	34
user/3991475	1	55
brunasororo	1	33
user/10139315	1	8
danceking	1	3
user/16569815	1	8
jaimarie13	1	26
user/12360360	1	11
user/21148864	1	6
user/21331594	1	2
user/19365965	1	2
starbuck_woi	1	7
osum	1	16
timourrashed	1	11
michelle_o	1	6
amyacenolan	1	2
slim	1	15
raylovett	1	28
superswarmcine	1	53
brandonbrown	1	5
_courtney_erin	1	2
ewwellness	1	4
carolinamillan	1	36
clatko	1	156
user/35892889	1	13
melissajwalker	1	8
matik72	1	19
cespo916	1	66
user/25798726	1	11
courtenaybird	1	67
twizzlers	1	1
kp_in140	1	3
pistachio	1	70
healthyhappier	1	11
chevrolet	1	51
h8i8	1	12
deeprogress	1	5
mavraganis	1	4
user/7680054	1	1
akaashsaini	1	24
paulparmley	1	25
katieirv	1	1
user/14102528	1	1
clayman	1	25
tracystewart17	1	17
dagabicucina	1	3
travlandleisure	1	83
f1_deals	1	45
allpeim	1	2
omaflinger	1	19
martiniolives	1	33
laurably	1	7
antoniocdsmith	1	18
dustinjo	1	6
user/15789080	1	6
user/35903103	1	1
treyjustice	1	48
sohereweare	1	20
darqlabs	1	5
user/9154369	1	11
crmcmullen	1	3
user/6864393	1	6
massander	1	11
user/167384	1	49
user/27727848	1	1
photo_lor	1	12
user/12659796	1	1
vb_funnybone	1	1
user/16432934	1	26
_xv	1	11
user/39120431	1	10
untappd	1	16
npr	1	37
eastlondonbus	1	2
amezini	1	2
p/times-square-nyc/5273346	1	68
jonmarkgo	1	57
user/12422194	1	2
tanveerali	1	19
user/1016488	1	34
dmscott	1	39
yancyscot	1	12
realizeu	1	38
gingerbreadgal	1	14
user/26280051	1	12
chris_prime	1	1
itsdbravo	1	8
user/1621853	1	10
user/14144086	1	20
user/11917004	1	1
alizachana	1	9
user/23210367	1	2
user/14537605	1	57
user/7930455	1	4
user/22424140	1	36
user/12619916	1	4
user/11696753	1	1
niltonalexandre	1	48
user/11844173	1	11
lexiinny	1	9
user/17508804	1	10
dberkowitz	1	64
user/18760453	1	1
emmaziff	1	5
vertexfitness	1	44
ah_ree	1	2
user/17013322	1	25
djacobs	1	16
pcfromdc	1	1
suzzorlose	1	1
user/17495963	1	2
deaconbluue	1	42
palazzolasvegas	1	18
timcarrla	1	18
p/original-penguin/1202129	1	17
user/10892306	1	6
user/28080467	1	4
jenjenre	1	19
ladyluck_02	1	11
petersgreenberg	1	9
user/26873707	1	1
matias_carrozzi	1	7
user/29082825	1	4
jeffcutler	1	43
amblerpatch	1	28
cheepono	1	11
katedickman	1	28
sarajesikaparke	1	21
dracorigel	1	33
ashlietsurusaki	1	6
user/32239747	1	6
mebuell	1	17
michaelrburcham	1	9
user/23605750	1	1
rickgriffin	1	52
katpenwell	1	41
user/20040634	1	1
user/17311077	1	5
studiomuseco	1	9
neillasher	1	4
alexissunshine	1	20
user/26946800	1	7
cocomoco	1	24
christinehitt	1	40
thedreamincome	1	5
nyc_nightlife	1	41
turian	1	4
bryanseq	1	24
mizcardio	1	27
annev6	1	12
p/ourstage/6705139	1	12
user/977493	1	35
cmuiz	1	19
krystalwoman	1	73
winkleman	1	30
dementisdoug	1	61
user/24857000	1	2
phitcomedy	1	22
goldmalish	1	7
sunny1051	1	1
user/723355	1	2
seattlesabrina	1	2
davidhitt	1	9
mburnsws	1	6
mouseadventure	1	6
user/57355	1	28
user/26216926	1	64
superstar4428	1	7
kristinaweise	1	4
user/31423288	1	4
user/6955507	1	1
user/12238963	1	4
incslinger	1	77
erikziegelman	1	8
walmarthub	1	61
snyderwriter	1	10
mboughton	1	4
london2012	1	55
user/4324743	1	30
ryanseacrest	1	121
beourguestmike	1	15
rach_mcbride	1	12
royalroads	1	14
prepkidlv	1	9
bodlar	1	28
struisman	1	29
user/1506299	1	3
tdubzz14	1	8
naveen	1	98
curiousjosh	1	8
columbia1938	1	6
blakscribe	1	18
phillip_nw	1	4
user/6291298	1	1
collcallahan	1	2
user/6464688	1	15
meyersmt	1	1
davidnam	1	10
user/14157149	1	25
logotv	1	100
petershankman	1	87
user/16527999	1	24
vitaminwater_ca	1	4
user/11914704	1	6
alannyc	1	47
jonathanbasker	1	4
user/2381979	1	22
leejwallace	1	15
joe_bauer	1	31
aeer69	1	1
bmehciz	1	8
user/34329074	1	4
anilawhitney	1	34
user/478538	1	5
user/24926505	1	2
frosty5798	1	9
rei	1	19
monsieurakoiin	1	23
theradryan	1	7
boiseweekly	1	5
user/39682374	1	1
user/10013596	1	2
instantwin	1	19
user/2335047	1	1
lauren_m_porter	1	32
user/1302303	1	2
masonlv	1	48
user/5733839	1	11
bonitabrown1	1	27
user/4828263	1	33
cdorso	1	10
user/32187416	1	5
user/3671249	1	1
indybootcamps	1	50
gmakesicecream	1	6
user/29275562	1	14
barre3sadie	1	2
thisisstone	1	36
askmen	1	133
saxe_ortho	1	40
user/17214130	55684	1
vivalsvgs	1	35
user/23447610	1	9
user/8385071	1	4
djroxanne	1	7
jvivij	1	2
diphen	1	5
davantidigital	1	2
staranddrama	1	10
elspethjane	1	72
kellythul	1	13
user/3028489	1	17
user/3503095	1	3
user/1683407	1	23
user/28521142	1	3
mike_arter	1	1
user/24769568	1	4
drewgallo	1	25
user/11195764	1	11
swiftydigits	1	15
codaalfine	1	13
zero6s1d9	1	73
user/2376477	1	2
mygdal	1	14
wanawin	1	36
p/bloomingdales/64003	1	68
user/139344	1	45
stefankapelac	1	30
user/23036670	1	50
fuzzysgrape	1	6
user/558133	1	3
tjkot	1	2
user/26169344	1	1
user/3991471	1	3
vstonevibes	1	46
joshphilperez	1	4
user/38687482	1	1
jeffrey3063	1	57
jtagomori	1	39
chrisgtaylor	1	60
jessrachel	1	1
nikebaseball	1	8
user/36289721	1	1
seattleworks	1	20
user/12997786	1	1
azfamily	1	6
melissalikes	1	28
bellagiolv	1	18
frozenfootsteps	1	83
user/15058839	1	2
user/12932116	1	41
user/28962767	1	6
ginacatto	1	26
gonabit	1	2
user/13072183	1	2
user/41186190	1	17
user/1870825	1	2
therealepison	1	9
tiannacalcagno	1	7
dmirandacuneo	1	6
tedvalentin	1	2
get_lo_lo_lo	1	4
corypalmer	1	5
user/12335947	1	1
user/11885398	1	3
nick_gibson_	1	41
mrskutcher	1	105
timbersfc	1	13
user/33421842	1	8
lisa1920pm	1	2
user/892115	1	1
user/35022399	1	1
mauriciodeniro	1	15
cryssouth	1	17
travisfortney	1	3
user/14209104	1	9
user/500504	1	3
gopconvention	1	4
psoucie	1	25
katttnip	1	26
user/9906882	1	44
euszeus	1	8
lizzie_mcd	1	1
user/24238212	1	28
lucellianeves	1	32
droyale	1	4
sethsklar	1	78
user/16037029	1	5
parislemon	1	79
kategardiner	1	41
laughingsquid	1	39
user/20281581	1	1
user/66036	1	16
agentjirius	1	82
user/8183060	1	1
airparktm	1	26
oscarprgirl	1	38
newwillcity	1	28
user/9732233	1	4
number10gov	1	21
m0ndler	1	2
wannabesocial	1	2
car705c	1	3
user/1689479	1	23
user/40228313	1	28
user/26508733	1	1
bing	1	98
tonyrobots	1	6
michelleatheart	1	4
user/7045285	1	11
user/40630514	1	1
smangaraj	1	18
user/15258637	1	8
captaindanyo	1	53
user/8952300	1	6
user/17600904	1	1
dwayneburgess	1	10
vemma	1	2
travelchannel	1	207
msholtz	1	6
aliciasf	1	51
shakewebagency	1	15
pgatour	1	27
michaelkelbaugh	1	5
user/25615698	1	3
user/6135436	1	2
shrutigoradia	1	3
memelaroo	1	43
p/d%C3%B3nde-ir/11760081	1	1
carlyrachael	1	30
p/chilis-grill--bar/12890108	1	5
user/29608563	1	22
phillieschris	1	62
benjaminmejias	1	2
tiffanydeshawn	1	2
gleannignacio	1	4
hornokplease	1	2
user/8445749	1	1
paulogarcia	1	17
fredzimny	1	18
user/14103554	1	4
ualrssr	1	43
zjjtrans	1	12
lukeslytalker	1	21
chipotletweets	1	92
careersatvzw	1	1
lovejaycakes	1	22
antimatterbones	1	1
nytimes	1	396
frdhutaz	1	14
jeaniekiser	1	19
who	1	14
jbrotherlove	1	20
techguy	1	7
jennmatilla	1	3
user/14288195	1	1
hmason	1	28
user/25399004	1	3
robbertom	1	2
user/20147221	1	3
robknapton	1	39
sophiaaah	1	20
user/19627789	1	1
user/7349115	1	6
user/20870987	1	10
adobesxsw	1	47
user/21409468	1	21
weslyons	1	7
tikkers	1	48
travaasa	1	1
generalelectric	1	4
lauraknapp	1	43
kpgalligan	1	1
dens	1	133
user/4643235	1	21
pascalkropf	1	70
user/11950979	1	26
angelmccrea	1	19
urj	1	5
redfraggle	1	21
user/306087	1	1
themiragelv	1	25
user/11145333	1	2
user/14060985	1	12
usnavy	1	15
tsparnell	1	50
user/12623351	1	3
user/8410489	1	30
user/1964881	1	1
fastake	1	25
user/15906472	1	24
user/24918341	1	3
mikewnuk	1	3
mojays32	1	2
user/756027	1	6
blkbltkidortiz	1	28
justicemitchell	1	59
user/23442563	1	2
evolutionfresh	1	5
user/24102304	1	1
linazza	1	5
user/16121087	1	6
donashlv	1	43
user/2796838	1	3
mikescollins	1	26
kiss_janitorial	1	44
janieliz19	1	15
queennaudii	1	30
user/12532170	1	2
user/141563	1	6
carlosmiranda	1	17
brandlippincott	1	10
kathyhogeveen	1	42
jmpmn	1	1
p/cotu-brewing/12200238	1	3
user/8956327	1	2
user/27118834	1	9
user/3527443	1	1
nyc_dot	1	3
user/1704240	1	3
wingless92	1	6
newsmeback	1	89
_eusoquero	1	9
mikeacosta2	1	5
jesscnascimento	1	29
anandwrites	1	8
mandybrownn	1	17
_efti	1	1
user/25956777	1	2
grieserb	1	15
user/4788313	1	40
mswz	1	20
rishadt	1	37
user/20007014	1	2
user/5449203	1	22
user/977740	1	2
kaylazerby	1	32
mdjerome	1	2
arielraks	1	2
user/15291363	1	1
user/20295945	1	3
holgerschmidt	1	9
pedrotp	1	32
mariobatali	1	42
user/23123493	1	20
user/14751753	1	4
lifeisbetteron	1	7
user/25009402	1	1
resplendentlyme	1	28
manicureaddict	1	9
erikkiik	1	37
krynsky	1	45
docgreene	1	1
moknowshomes	1	23
carriekerpen	1	27
user/21831337	1	10
autumndwright	1	11
user/28177251	1	28
user/3156339	1	108
allimooney	1	34
keshasuxx	1	25
dpg	1	5
leahmarie519	1	29
croquevielle	1	9
julieford808	1	17
lovethecool	1	53
josselinmo	1	3
user/1889561	1	5
lilsmarsh	1	43
user/1429816	1	4
parentsmagazine	1	13
user/3090863	1	31
user/28413454	1	2
user/1892948	1	6
weedmaps	1	4
racked	1	81
edkless	1	8
suiterydetaxi	1	24
klauseck	1	23
adoptintx	1	7
sinela	1	24
combi31	1	5
user/761441	1	3
rubydetoromusic	1	32
shaanhaider	1	37
sead_get_bize	1	12
nyulocal	1	3
kevin_goldberg	1	35
user/13749065	1	4
user/3458031	1	2
tarastiles	1	5
user/7717755	1	1
lizstrauss	1	114
user/23696440	1	31
eloysalazarpap	1	2
gkasica	1	21
user/11470154	1	2
mpaulso1	1	27
barbaccio	1	3
maggiosplace	1	22
user/28952113	1	4
andrewsmith1443	1	44
jbomm28	1	5
user/238949	1	2
mystanwood	1	31
user/3261577	1	1
j_hershh	1	3
dannylondon	1	22
user/9548953	1	1
discoverla	1	31
tripadvisor	1	21
nike	1	31
diamondmind50	1	48
mattdusk	1	4
user/23157986	1	18
astinajerov	1	37
gogreenbillions	1	10
msteechur	1	44
user/16424414	1	1
foodfitandfam	1	19
petergmcdermott	1	10
joshuavjohn	1	18
swishdigital	1	6
marscuriosity	1	54
marinatregubova	1	2
jakubptacin	1	3
volcom_ent	1	18
baberkathleen	1	15
lifeisporno	1	8
cathbot	1	23
user/7090426	1	2
user/6479261	1	47
p/conduit/6161658	1	5
user/10597433	1	1
user/20805970	1	4
user/37640102	1	2
user/4769238	1	7
beansbaxter	1	42
_dom	1	3
user/29274742	1	1
katieheines	1	3
jasonsudbury871	1	1
user/13572286	1	1
andresagueiros	1	27
user/6640485	1	1
tlc	1	187
user/15996329	1	4
user/3910454	1	15
user/8653445	1	1
user/26584915	1	19
user/1604284	1	26
user/12104433	1	6
lindsaykap	1	38
neidyrocha2	1	50
joha99	1	25
user/27217040	1	4
user/17399906	1	3
genesisten10	1	14
user/7271324	1	16
user/22731921	1	3
isabelplaza1967	1	2
user/435367	1	4
michelreverte	1	41
vlondonescorts	1	23
user/39625042	1	2
user/4826701	1	18
user/16671045	1	5
msspence1	1	6
user/19966442	1	9
user/15464309	1	1
jilliebug	1	29
user/7955502	1	28
knight3k	1	1
szeliu	1	27
user/20656482	1	19
rich1	1	5
djuniquestyles	1	13
scotchisholm	1	29
redbullrecords	1	21
user/2194319	1	1
phillyfreedm	1	20
jennylup	1	9
user/13863398	1	1
fondalo	1	50
dewimailelim	1	7
keithpepper	1	14
jen_walters	1	7
misswetapatel	1	22
user/26748477	1	2
jacksonjey	1	13
user/4632143	1	2
user/13460404	1	21
user/3117221	1	1
ektrey	1	20
richardmachtel	1	12
dbearhunley	1	3
reneegannon	1	31
hilltoplive	1	2
sonyxperia	1	44
natnatd	1	24
user/6122551	1	8
user/18837267	1	1
playstation	1	45
user/1429737	1	3
dtrliveworkplay	1	26
user/22551556	1	15
wezg	1	25
mukawam	1	11
adam_taylor	1	20
joewmarshall	1	5
user/5866755	1	1
luckymag	1	155
p/marketing-las-vegas/22656684	1	4
user/4704336	1	5
teeco71	1	43
gdrosser	1	3
user/2950256	1	1
user/3073827	1	7
runningescapade	1	9
dwsny	1	78
kermittheb	1	27
p/spartan-race/12336637	1	6
user/7539719	1	1
johnnystorm0	1	3
user/64006	1	35
craighepburn	1	6
user/1165459	1	11
robinosorio	1	1
im_heterosapien	1	41
p/rent-the-runway/4561403	1	20
cybilrat	1	10
chrisricca	1	10
jacecooke	1	3
user/1300477	1	2
nateriggs	1	33
cre81luv	1	1
totallymorgan	1	31
coachforyou	1	46
glamsquadshop	1	31
4sqlovestory	1	29
user/7019567	1	2
jymben	1	32
kr3yolr3ko	1	4
ericlayland	1	1
user/16973415	1	1
zyuu	1	3
geo_gephart	1	9
user/28063883	1	1
gayecrispin	1	52
jeffreyhansler	1	8
archana	1	38
user/3384637	1	7
josecarlosneira	1	5
charliemonteiro	1	5
nike6	1	14
2b_fit	1	9
user/8647116	1	54
user/14212872	1	26
erichehlert	1	1
wineenthusiast	1	9
giraffere	1	36
user/12446655	1	29
tonyawalker11	1	2
theonlyjgrant	1	5
andrew_milne	1	28
hasnat65	1	16
mslauraliu	1	1
mattyb123	1	20
angularism	1	28
user/17863067	1	5
bigapplevoice	1	47
dablyputs	1	11
user/2313007	1	2
mrsbaddabing	1	5
user/4810209	1	23
graysee_	1	17
alexorlando	1	1
user/60113	1	14
user/15743938	1	14
user/17398860	1	5
staceyngo	1	21
tyang209	1	18
lukasjanousek	1	7
physicianspr	1	21
furiouscabbage	1	4
stonemtn	1	5
urbanhiker	1	15
user/10282835	1	2
padres	1	16
ducttape	1	18
brewdrees504	1	24
user/1253142	1	1
stevegarfield	1	46
funnylatice	1	13
user/21459149	1	8
user/3207648	1	38
user/11435246	1	1
user/12197805	1	51
bigdrew	1	8
thrillist	1	226
coachniquenya	1	15
user/32821021	1	1
joyofhawaii	1	33
sorce_money	1	7
bernardmoon	1	21
blaket26	1	9
shawnwestfall	1	10
tonydasco	1	109
user/8959360	1	6
dallasmuseumart	1	15
senormacaroni	1	22
user/5572895	1	13
user/9312849	1	22
iconjane	1	4
banyanbranch	1	16
mizzdenamarie	1	64
davedelaney	1	66
erikciezgi	1	1
user/16945575	1	6
user/4475643	1	1
user/169445	1	3
user/4002474	1	14
alyandajfanatic	1	14
kayt_marie	1	1
dbitonio79	1	30
hollygrayhomes	1	72
carmenino	1	5
thony_50	1	18
user/21217344	1	1
user/14136905	1	28
giltcitynyc	1	41
nourbear	1	4
runfastmama	1	11
user/28128608	1	20
wef	1	24
user/33035167	1	5
user/33035958	1	2
user/34997323	1	8
karengarcia	1	14
user/9578440	1	1
user/2776079	1	80
nikkiv17	1	43
weblorikeam	1	3
mydeco	1	1
user/12089232	1	1
user/28798719	1	5
thevakko	1	11
sameder	1	13
rodriggoleao	1	18
johncpacker	1	37
trish_thibault	1	3
perryellis	1	46
lizasperling	1	63
thomyi	1	32
user/5689591	1	36
user/2337629	1	11
mariaciampa	1	46
urhandreader	1	13
niptuman	1	11
andee_walker	1	8
user/4240585	1	1
user/13927884	1	5
nycformika	1	3
user/10906435	1	3
bikiniocean	1	18
crazychooker	1	3
user/15432456	1	6
newyorkredbulls	1	30
user/1872535	1	1
catamount_40	1	10
user/20616793	1	6
knibbcraig	1	67
user/1714532	1	77
rickdanielsfm	1	15
user/11341370	1	1
user/5715657	1	1
user/1013495	1	10
user/7476734	1	5
wehearthawaii	1	41
jamieoliver	1	18
user/19912327	1	7
paulasauls	1	6
user/37560096	1	23
user/2851162	1	2
armano	1	71
user/41356376	1	30
sparkey215	1	40
katfell1	1	6
user/21981363	1	5
nobodylisten1	1	3
user/10586437	1	1
j_nb	1	7
so0fly	1	30
route53	1	12
user/36793072	1	1
user/8101815	1	1
agnewfarms	1	3
redbookmag	1	14
waydavis	1	37
tacguy253	1	35
jimgrayonline	1	42
marcweil	1	2
user/31451647	1	1
user/7562146	1	1
aisha_al_majali	1	2
gourmetlive	1	25
museummodernart	1	118
user/70962	1	1
rafichou	1	23
pulcrapuella	1	17
cc_chapman	1	101
user/8124265	1	34
user/328486	1	5
user/27306459	1	8
user/20212442	1	2
user/21913035	1	2
ruivelosomx	1	24
user/22985067	1	1
mattpeelsea	1	13
user/32878657	1	20
simplywandainc	1	12
apacheman	1	29
user/27760516	1	25
aoltravel	1	14
jsrainey216	1	1
debramacki	1	22
mikep1970	1	25
anna_fitz	1	8
danielbru	1	68
user/34322068	1	14
emanisalon	1	26
percolate	1	3
victoriassecret	1	197
joshknowles	1	4
philvollman	1	20
culturemapatx	1	12
thewhyteninja	1	31
jaqyouup	1	20
lulusilky	1	2
siravo	1	6
motosanricambi	1	5
mykalus	1	6
decanter	1	7
theigirl	1	18
stevewoz	1	23
paediatrix	1	4
user/29136692	1	3
awakeningaimee	1	82
liamquinn71	1	2
faircaremd	1	23
eloqua	1	5
sethdreidelhill	1	16
snellexperts	1	57
user/1496114	1	27
nat_salazar3689	1	4
highsnobiety	1	18
user/28254835	1	2
amnesty	1	26
user/29037789	1	1
user/2588263	1	1
user/7408692	1	4
unimelb	1	8
iamadj74	1	19
user/17252861	1	7
user/27530659	1	4
laurenapn	1	28
fairrhonda	1	2
danecook	1	79
jessicanorthey	1	90
user/20964252	1	3
user/31507661	1	19
user/22786453	1	29
user/3222607	1	2
panda_austen	1	11
gyrus	1	1
user/18512156	1	1
susie_parker	1	37
divas_xo	1	1
macgva	1	6
user/3442353	1	4
user/10368420	1	5
dryerbuzz	1	4
tylergould	1	4
flatbushcasey	1	19
djidlemind	1	24
user/5546121	1	13
user/10915189	1	13
jociito	1	12
247modernmom	1	16
user/30844729	1	13
thenewschool	1	15
user/17838874	1	1
ericallen1970	1	14
user/8686954	1	7
frizziface	1	16
user/17950008	1	1
user/12797179	1	2
sarah_eldred	1	26
arielcoro	1	24
razabegg	1	97
jimbradysp	1	33
grahamlang	1	30
user/13865316	1	1
garrettps	1	4
traveloregon	1	15
user/1594123	1	13
user/16589337	1	9
ryanchris	1	10
torrenegra	1	11
dbog	1	11
kristensavage	1	15
jwillie	1	65
xxjulia1207xx	1	36
moniquemontague	1	66
gumbonyc	1	4
bbcworldservice	1	8
sotaydulich	1	6
mayerreich	1	4
user/261097	1	15
user/3813459	1	5
vvpreetham	1	21
mtn_dew	1	5
tomtomcologne	1	2
emmarocks	1	29
singing_poetry	1	15
flyerfan34	1	15
6micfilms	1	13
kulmer15	1	5
user/996424	1	2
user/28886075	1	6
wheart6	1	1
user/20564626	1	33
luciencoy	1	2
thedailyshow	1	177
user/27571208	1	8
gabevidal	1	24
modern_gent	1	45
huertamd	1	4
jaketweetwell	1	18
nashvillesymph	1	9
user/28691573	1	3
joelgascoigne	1	14
alisnailnews	1	24
phidelt	1	18
chasem54	1	16
engineerbolex	1	27
user/11781309	1	16
vitalsmartsnews	1	1
user/12401395	1	1
trishamahoney	1	4
matty_yu	1	2
user/2161662	1	3
user/9018128	1	2
user/14894	1	8
physique57	1	9
user/6729167	1	4
beanoregonduck	1	9
user/980217	1	16
user/12744083	1	1
tylerstalder	1	3
joshdeckerdal	1	33
burberry	1	26
dmytrovoytko	1	14
devinm88	1	2
bravesdiva	1	4
fimoculous	1	81
steelcitydiva	1	30
ourblokrewards	1	4
user/371393	1	2
phillysniper	1	8
aprilsullivan	1	16
p/wired/17844782	1	54
ijoe13	1	13
skiingmag	1	3
labdesign	1	25
socialandy	1	71
reedconstrdata	1	2
shaynesanderson	1	9
user/5542127	1	18
birlilliputkul	1	1
user/23315258	1	5
ctbartab	1	7
srinaldi	1	26
lukexmartin	1	6
hmusa	1	127
user/38980801	1	29
teenvogue	1	30
benzado	1	17
user/25493497	1	4
user/1889001	1	1
user/1635025	1	1
revmak	1	2
christiangadams	1	49
user/682775	1	4
cammocl	1	4
mittromney	1	30
johnbiggs	1	24
susimi	1	2
user/1610052	1	2
user/23396727	1	11
freedomwalker77	1	44
inglec	1	49
akoni75	1	10
vfrandsen	1	20
user/10077791	1	2
p/louisville/1205840	1	3
philgerb	1	24
shanesafool	1	2
isurrender	1	30
user/3285654	1	53
jess3	1	119
badboyspike	1	23
jenniferlauren6	1	31
apeyd416	1	1
user/26962960	1	6
sundevil1988	1	19
calicobasin	1	44
doughaugen	1	13
roicayo	1	43
mtvstyle	1	9
drinkphilly	1	48
girlsgonesporty	1	34
deweydon	1	35
user/33932691	1	1
predsnhl	1	17
melebear	1	19
thetorysmith	1	13
shahkaal	1	24
user/6277804	1	74
user/10802076	1	3
jkennedy93	1	5
user/1218461	1	14
jimkukral	1	20
user/19469778	1	9
user/11993258	1	7
nakiasideas	1	8
annavicc	1	1
baurogue2012	1	39
user/22245604	1	13
user/3313409	1	1
krystyl	1	99
theecofoodie	1	9
dermdoc	1	33
revbell01	1	54
ericwms	1	14
natalielent	1	45
user/31684793	1	10
user/5123752	1	18
