jeaniehornung	1	38
Zyuu	1	1
SixyDukeMom	1	64
kristy_joy	1	20
roxannnne	1	10
jamie56beast	1	15
creativeadaward	1	1
totallytobin	1	17
reedsmith	1	102
m0ndler	1	8
MikeONeilRocks	1	333
Olympics	1	173
polishp22	1	37
kinlane	1	95
marioguillen	1	52
MOTORPHILIA	1	33
Eddikenn1	1	9
t0mmym3ad	1	14
MariaJesusV	1	36
edlevine	1	72
ContentKim	1	19
bwlucas	1	28
TheJbarasa	1	49
extratv	1	169
meghanpgill	1	36
nikkie_dre	1	9
WebLoriKeam	1	37
Magnificent_78	1	7
NightLifeGay	1	30
FerdinandGo	1	24
NBCPhiladelphia	1	93
flo_seyfried	1	15
foxsmjr	1	4
Turnstyles	1	27
rwhitlow	1	9
conniewang	1	16
juhokokkola	1	2
JackWagner54	1	91
Chris1051	1	27
margie228	1	2
dales777	1	20
stefano_barbera	1	6
carlosrizo	1	58
NexusRadio	1	4
ChipAhlswede	1	4
ninzlimpiada	1	2
tastenyc	1	1
JumperKaskus	1	73
jack	1	783
treytakahashi	1	40
jacob	1	103
ShakeWebAgency	1	6
ricmorton	1	10
mikepodwal	1	57
BradGerick	1	17
WestFmKenya	1	17
Lane_Bailey	1	21
dizzydeeann	1	12
Nakeesia	1	7
MattMG1993	1	2
YeZ_ZiR	1	23
KenyonMaree	1	12
AllThingsKate	1	80
MikeArrieta	1	6
Rumsey48	1	26
MikeWesterberg	1	84
BobbiBillard	1	69
kosherfoodies	1	28
vintagejohnny	1	59
theMaddestMax	1	9
Flysearch	1	31
LynnetteFreeman	1	14
NielsenWire	1	133
BeAnOregonDuck	1	12
explorethebruce	1	28
libedon	1	34
ANDA_JD	1	23
cammocl	1	32
PlayStation	1	106
BeelineGames	1	6
ajioh_shoshukan	1	81
hayitsalexis	1	10
RosevilleRockLn	1	71
NYGiants_Tix	1	27
sixelAnonnahS	1	6
BaubleBar	1	54
epicswarm	1	14
_MissJasmine	1	2
thekennection	1	35
miquelgomis	1	2
Boiseweekly	1	43
ProfessionaLook	1	70
Libchrstian	1	29
_fastjet	1	5
Earl52	1	89
kslicer	1	9
laquino80	1	7
psychmesu	1	35
ColinHayhurst	1	25
nakkinguyen	1	26
iDO_kidswear	1	9
micek	1	57
LSH	1	26
dedlam	1	26
Sung_H_Lee	1	141
DBFSeattle	1	2
joemarchese	1	83
Colaco8	1	29
RM28	1	57
dallascowboys	1	61
Kivowitz	1	28
thenuge20	1	22
badgeunlock	1	79
JustGimmeNow	1	8
BCBBerontak	1	30
anis_sj	1	3
WINllc	1	39
jwithrow115	1	17
taskmeyou	1	12
nationalpost	1	42
pat_stahl	1	58
radbull	1	3
eyydari3	1	32
speedy_solis	1	2
spencerodell	1	2
iluispc	1	23
amalucky	1	86
Sebaess	1	40
marissamayer	1	402
Sambazon	1	13
njdotcom	1	34
cdorso	1	12
path	1	148
iamthegyalsta	1	18
mikerwags	1	7
Ginaschreck	1	326
JaqYouUp	1	32
mloyaltypayment	1	23
kalafralala	1	18
porcalina	1	33
LaurelSlutsky	1	17
zideedara	1	11
SusanMoskwa	1	4
bk2gther	1	19
tristanwalker	1	306
InterConKL	1	39
chresteon	1	14
yaratnam	1	3
JessGetsSocial	1	43
Shaila	1	29
yorkkong	1	2
amyschumer	1	87
LaFromagerieUK	1	26
mistersugar	1	55
mantia	1	24
scottmeinzer	1	24
hakimel	1	19
Audi	1	175
marcopapale	1	13
napoleonsmith	1	1
ScottCllns	1	43
SocialWicker	1	47
sinnerman86	1	6
timfalls	1	53
harshaldhir	1	1
benmcconnell	1	79
LeadingHotels	1	80
LizDevaney	1	3
ChelseaHuffman	1	18
barre3sadie	1	23
PineRidgeCondos	1	54
IndyPhotoCoach	1	7
NeverBuyLeads	1	22
saralwin	1	33
barcelonette2	1	7
NancyPelosi	1	99
thephilth	1	11
Onga91	1	7
JonathanESmith	1	38
BillCammack	1	67
marybaum20	1	77
VansWarpedTour	1	56
nthnryn	1	9
a_devane	1	1
AngelaWoody	1	114
theconstruct	1	39
chargers	1	75
johngarcia	1	140
photomatt	1	186
Nehemia_Renanda	1	31
turif	1	13
stevens1	1	135
JMRisso	1	7
BrandonDicker	1	32
jlgoldfarb	1	48
Op_Homefront	1	86
Diegoboytron	1	18
MarathonJunkie	1	3
JimmyStyle	1	112
Saubariy	1	27
kikapimenta	1	1
ceceliab	1	30
AbiYambot	1	13
BrickAlleyPub	1	5
xanish88	1	4
TACGUY253	1	3
tiragraffi	1	56
marieguerralyce	1	7
Cbonez68	1	27
jekenter1	1	36
SeattleMet	1	94
hairbyjacque	1	66
loredanacelo	1	7
worldwidewaddie	1	54
jruggiero	1	31
AntoniPorcelli	1	1
rangison	1	4
NaYu27	1	4
megbutton	1	42
aFridayThoughts	1	22
mg	1	149
citriuscorp	1	9
HeatherBlakely	1	21
DoubleTreeSEA	1	38
theplanetd	1	170
mh	1	56
vivowang	1	63
GR8socialmedia	1	76
UwantME_	1	17
kprobbins	1	52
ms	1	67
muthmedia	1	2
mager	1	172
SenatorSteve314	1	58
Patatokyo	1	11
VegasBiLL	1	193
ArumTheChamp	1	17
MindOnWine	1	11
bethferreira	1	37
OldFascination	1	30
iceshan	1	10
IroningYouTube	1	33
techscreens	1	17
bluzgrrl	1	16
PreacherMCox	1	27
embertime	1	15
MetteRaahauge	1	1
BonChonMidtown	1	94
bellmar	1	6
GarmonJohnson	1	7
Im_HeteroSapien	1	6
healthwarehouse	1	44
andreandersson	1	12
ThePatReidy	1	12
TravelingAnna	1	199
Moozday	1	17
ilbisbetico	1	41
BlkbltkidOrtiz	1	64
Freedomwalker77	1	107
kimberlyloc	1	26
CrazyChooker	1	1
yoavlurie	1	41
bizmike	1	35
rioferdy5	1	87
bgg2wl	1	43
Jeep	1	61
vieser64	1	63
Crowdeducators	1	98
RobinOsorio	1	2
The_Fossanuova	1	21
FremontChamber	1	29
ValeriaDeLisio	1	16
iancr	1	73
keefmoon	1	67
cabrzezi	1	24
RobatBean	1	12
TheGodLight	1	83
theGrio	1	43
pmccabe6	1	2
alanajoy	1	111
eramirem	1	42
fat	1	46
james_draper	1	7
JumperPLG	1	22
stinglike_Ali	1	10
AlexLin90	1	70
Lisa81Moore	1	19
total_financial	1	14
camilla_coast	1	4
jnellyblly	1	9
akashgarg	1	62
andreahong	1	60
AugustoFontana2	1	1
fionamiller	1	21
bardinass	1	1
holleeinbalance	1	40
StephLauren	1	106
GCOshoes	1	10
justinbieber	1	388
The_Geb	1	19
MooreIsBetter	1	4
AshleyLaurenD	1	43
Mercedes841	1	13
merlijoytw33ts	1	5
compagno2b	1	63
ChrisRicca	1	34
katiecouric	1	322
martiin_snow	1	40
BigKarma	1	13
hamashon	1	4
NLeotsakos	1	8
AnnaVicc	1	1
killahkar	1	5
maldanir	1	21
kerstinshamberg	1	114
tgirvin	1	19
MikeTruong	1	10
EmmeGirls	1	51
crazedmom	1	114
bayareabites	1	190
akiramorikawa	1	85
blqecqlacqlar	1	1
Kimbeeboo1	1	1
MichaelFConnors	1	32
BBCAMERICA	1	118
AdmiralChristy	1	1
SheaAnything	1	8
BoabbyF	1	3
Pruiii	1	2
madewell1937	1	51
TFBraelyn	1	2
Cat_Marnell	1	45
MattPeelSea	1	38
iBoyFriendTips	1	5
christmac28	1	80
GPL702	1	90
dbkguy	1	13
_Fleur__	1	80
rickybamabbob	1	39
DoctorMosler	1	10
offbeat_eating	1	40
ATasteForTea	1	49
PARRISHARRIS	1	43
dwill4450	1	53
dancontarino	1	18
housparty	1	1
Cla_Gagliardini	1	82
SatyenRajani	1	5
flavorpill_nyc	1	72
247ModernMom	1	33
iphonegirl	1	71
DaniDooDah	1	1
silvia_carbone	1	31
phillysniper	1	15
Lorenzo_DeFRA	1	3
ItsMeJoolie	1	18
YoniFreedhoff	1	14
lvebugucf	1	2
RODSOUR_	1	43
highmuseumofart	1	61
WannaBeSocial	1	15
themaninthehat	1	13
SvenLuckermans	1	15
cdwalsh66	1	1
jcdelsante	1	66
NewWillCity	1	21
craigery	1	4
nickbilton	1	364
MedSpaOrlando	1	3
nitinkjain	1	8
oxygen	1	60
Lamos20	1	29
seattletimes	1	209
TheDebbyRyan	1	35
letkevin	1	20
afrahwaheed	1	3
JadeMallia83	1	11
Cosmopolitan_LV	1	237
Arcanjay	1	101
AnandWrites	1	69
kristenhowerton	1	33
TripTonightApp	1	2
PRNicoleV	1	1
ErTrevis	1	8
MISTERMAKEUP	1	60
OhShitRoSpit	1	8
aliciadoeshair	1	23
ShoesNFood	1	19
mdo	1	38
GRogersFitness	1	18
jmpmn	1	15
ajcenac	1	19
jtagomori	1	56
_La_Vie_enRose	1	12
LuckyMagazine	1	187
TheAthletarian	1	46
warrenss	1	109
LisaVaren1	1	8
Courtney_Audra	1	6
FlavianaMatata	1	18
brianstephen	1	2
Jairo_4SQ	1	17
Sara_Paxton	1	15
eranium	1	20
jessrachel	1	1
jessicaneale84	1	7
bnbrand	1	7
ladinsane	1	3
pete_austin	1	1
wetherhaven	1	34
MATICxHR	1	1
MktgNutz	1	141
starpiratesgame	1	2
Pakcik_Kantin	1	14
Innova4j	1	34
JamesTRobo	1	16
agoldfisher	1	96
JenWike	1	8
callmePMF	1	2
Aidi_tlm	1	9
visitphilly	1	108
UTPbrandon	1	38
graisinbrand	1	27
Dankind2001	1	4
UnleashedPetSpa	1	5
BigBoi	1	169
geo_spark	1	11
2Fafou	1	7
PCfromDC	1	10
NanoDanzi	1	51
MsShaunRobinson	1	51
mariolgsouza	1	13
olitreadwell	1	38
melissalikes	1	1
ootajibu	1	19
techwithtlc	1	23
ItsMidnightRed	1	15
kmpolich	1	25
uiparade	1	3
shawnburns	1	36
jymben	1	6
FabiPaoletti	1	9
OatmealLauren	1	24
Sig727	1	40
Roose_TTB	1	8
7thheavenclub	1	7
JessikaG	1	63
SuzyFitCoach	1	63
thutee	1	12
Spazzyspry	1	2
rach_mcbride	1	24
Elisia66	1	8
Pengnak	1	3
KristiKastro	1	27
MadeInAmericaSC	1	35
KevinSchantz	1	30
NickBaileyRR	1	15
TacoBell	1	113
JoshPhilPerez	1	16
irfankhalidkhan	1	2
TIME	1	615
dheenah06	1	5
SP_Sniper	1	12
Metromix	1	49
Life_Of_Rusher	1	6
Strawb3ryFieldz	1	52
lilich	1	39
WErockband	1	11
AndrewSabat	1	56
holidayvalley	1	22
ghbrett	1	21
ScottMonty	1	358
jordiaraz	1	15
modnoe_bidlo	1	1
ErnestWilkins	1	55
scanman	1	21
jpunishill	1	78
Suave_Son_D3VIL	1	5
corypalmer	1	13
gkasica	1	16
dudeitsnissa	1	4
hillaryxcore	1	3
EaterNY	1	122
IamRitaV	1	19
Dheinzheartsyou	1	10
VegasVcard	1	35
702webdesign	1	45
resistencejack	1	6
Guybrush0000	1	3
CNET	1	196
le_fino	1	48
geoffnet88	1	11
rikakikatori	1	5
PresNation	1	27
MichaelWaisJr	1	289
TWallisch	1	22
KHkid	1	17
CatOcchiogrosso	1	3
BarracksRow	1	12
saptonoed	1	13
ron_ledford	1	65
7thlist	1	25
alisonpilsner	1	52
MelanieDuncan7	1	37
jasonfox_me	1	27
whitneymuseum	1	129
ScottRSmithPR	1	14
btothereyna	1	33
sotaydulich	1	13
tonymonymonkey1	1	18
carefulkeeper	1	35
tamireskeles	1	1
ronilsonkosta	1	10
NonfutureDnB	1	4
Musiccoaching	1	13
CaosColectivo	1	43
mrs_carvalho	1	10
JustJulie	1	133
aktivioslo	1	5
Bigcountry83	1	23
Jamienyc	1	31
Jonathanbasker	1	3
jamessotoism	1	13
OrganoVita	1	8
thealexhluch	1	61
Campcreekfarm	1	16
KristenSavage	1	23
GECareers	1	23
oksimba	1	4
Struisman	1	24
jordanlemon	1	2
jestershash	1	25
jordanmaddocks	1	5
thebradking	1	42
hectorramos	1	71
SteveClyde	1	31
FearlessRecords	1	52
tmdevelopers	1	6
kimarketing	1	50
robbertom	1	2
julia_witt	1	11
fbrandani	1	2
misshope	1	94
chicastud9	1	5
Gok_Burcu	1	9
maisonpublique	1	14
RichardMachtel	1	29
robertmckay19	1	3
kimPotatoh	1	13
CandaceSanDiego	1	31
jlopez255	1	44
KofiAnnan	1	29
vmartinez8260	1	3
AIDSgov	1	84
camillechuchu	1	18
kenfucious	1	102
NewDay10	1	3
lancyfuller	1	30
ClaudioEnriqueA	1	4
HuffingtonPost	1	861
KissNairobi	1	5
UWMadison	1	28
JoeBiden	1	118
Sr_Explicito	1	2
FoxyQuant	1	4
vlondonescorts	1	10
rizwanahmad21	1	14
iPhoneBlog	1	20
sdanzeiser	1	12
LaMiniReporter	1	31
AboveTheStatic	1	79
rsaisundar	1	9
ripbm	1	11
MarkVogler	1	46
JanelleRaelynn	1	10
matty_beats	1	1
mypaloozasextoy	1	47
DboG	1	29
Stacy_Hayes	1	131
SuperSwarmCine	1	7
phillyncrowd	1	16
MappedInWorld	1	7
coldwellm	1	76
Devon	1	67
wilso208	1	9
tanveer86	1	51
ektrey	1	23
goodishbadish	1	13
AdobeSXSW	1	51
Laura_197	1	31
CrystalsPower	1	2
jojo197472	1	18
verykristin	1	6
TripAdvisor	1	262
saadshake	1	9
IFTTT	1	89
vinabook	1	9
sjs731	1	3
mehuligan	1	23
AnnaHolmes	1	82
d_dub_step	1	2
CCdoan	1	73
travisfortney	1	4
Tomm_Dogg	1	11
RobertoBugalla	1	4
corrieturnbull	1	26
giorgialucciola	1	29
miss_quotation	1	15
dailyaddict	1	25
Mfizzz	1	19
HSMPress	1	7
andrewbecks	1	13
RebekaLee711	1	27
DonRohr	1	27
Racked	1	59
AdrianFRG	1	14
jer979	1	22
HawaiiLife	1	33
allisonkilkenny	1	53
jaybrannan	1	46
persiancowboy	1	7
nycgo	1	161
April_in_WA	1	25
pepe_corrs	1	22
sceshultz	1	8
danabeeee	1	6
CupidLightYear	1	1
mikeyames	1	2
ryanjadhav	1	36
rje7	1	122
SuitedMktgCo	1	86
PrhymeRhymeBoss	1	10
VertexFitness	1	57
damion_white	1	41
PrivList	1	30
MichaelDRico	1	14
Fineryder	1	10
BlondePolak	1	13
alex_segura	1	171
JeffDaas	1	1
FredieGilbert	1	13
amjedmjf2033	1	4
ClassyIndeed	1	12
2theTopDesign	1	7
letunglam	1	9
pharmartacist	1	27
MattMuller20	1	5
whitehouse	1	643
jasonyi924	1	25
heath_excessdb	1	2
sacrebleuwine	1	56
marksnyd	1	51
Fanlala	1	35
HotelTonight	1	111
LauraKnapp	1	120
Hank247_PT	1	11
PaulParmley	1	30
flyerbry	1	7
unimelb	1	7
conkytonkin	1	37
MrWirya	1	18
ErikZiegelman	1	8
loriruff	1	440
_NissRosenthal_	1	44
CrainsNewYork	1	104
crushcomedy	1	11
Winkleman	1	35
Maauricio_Nunez	1	23
Schemadyn	1	72
BrdgstoneArena	1	22
Janina_Marie	1	7
timourrashed	1	15
zelepeti	1	10
BlanfordLaw	1	15
AngelaC1aco	1	14
DancingHotdogs	1	25
supermodelme	1	14
h8i8	1	3
rilopezp	1	6
JoshhGrantham_	1	5
danielpatrick	1	13
CarpinelloSara	1	3
jonshappy	1	28
amezini	1	4
betakrea	1	29
tayari	1	22
ReedConstrData	1	17
JItalianDFC	1	2
jrocke217	1	29
marcmanalang	1	3
lucienengelen	1	59
Mattable	1	6
icecoldjd1906	1	19
jazzxrz	1	2
NoSomosNadaaa	1	59
MSF_USA	1	101
ortelius	1	54
nybooks	1	105
cannonjw	1	116
katieirv	1	10
missblessu	1	12
joeyhodges	1	24
BmcmSb	1	13
RobertsHP	1	33
Alejandra_Nad	1	6
raerae519	1	16
thony_50	1	14
Thepiperamos	1	8
FasTake	1	244
bydanielvictor	1	72
josephmorin	1	174
johnAgilchrist	1	4
hasnat65	1	70
CanyonRun	1	52
RobSepulvedaL	1	3
besz	1	19
dianap	1	110
fuckcamels	1	6
lewistheprof	1	2
supango134	1	9
careyws	1	27
yossieuncorked	1	14
kace_marie	1	9
TheOnion	1	774
LucasCookMusic	1	37
TracyLCotton	1	22
DavePizza	1	3
justGLew	1	31
Amy_Brock	1	55
hearnebraska	1	7
ShawnCarter03	1	14
TheJayReeve	1	24
charlottescox	1	36
duendelivre	1	3
KurtClark	1	19
MicheleMontuori	1	3
dutyfreejohn	1	4
beautybesties1	1	25
ladybug0280	1	1
freebiealerts	1	74
ChewOnThat	1	49
annicanicole	1	73
ashlanddesantos	1	2
cjohnnyrico	1	2
SophieR	1	34
Johnem1969	1	46
hbrink1	1	23
AlisNailNews	1	27
joedynamite	1	15
StefanKapelac	1	13
MatthiasLimmer	1	3
Blushington	1	34
veneredimilo	1	33
shaydechelle	1	10
Physique57	1	60
cookiecooley	1	19
metrofoursquare	1	4
JLo	1	288
randi808	1	40
juskeepsweating	1	75
sherrimcnally	1	11
edtwit	1	84
PrincessRSBieb	1	16
iamedia007	1	33
JayHen9	1	9
AnytimeFitness	1	71
ladyniki_59	1	15
DELUXTRADE	1	73
KaraRutkinLV	1	32
jeffs_journey	1	46
BBCR2ZoeBall	1	9
GR8YBeard	1	27
JambaJuice	1	106
stacymiche11e	1	7
montaebryant	1	4
DallasMuseumArt	1	35
Samproof	1	10
singing_poetry	1	44
_eveljn_	1	5
BanyanBranch	1	126
kfc_colonel	1	101
andrewsmith1443	1	50
CaamiCohan	1	46
InstantWin	1	58
Collab_Finder	1	2
mizzdenamarie	1	9
jtdrad6	1	17
ianmackie	1	3
ImChrisRich	1	22
RussMK	1	43
AthleticShare	1	30
bikforcancer	1	90
AmberShaputis	1	25
ThunderKaraoke	1	7
jdwright58	1	8
lisetterocco	1	41
AprilSullivan	1	45
bellafalconi	1	1
Cyndi_R82	1	21
_Juliane_	1	11
marcweil	1	11
DiamondXDog	1	8
Motiv8ed_2bFit	1	15
Nosa_Vos	1	4
chattyman	1	34
VibeWeekly	1	43
katespadeny	1	138
MarinaHolz	1	3
TheGSchott	1	4
dwsNY	1	31
SarahChambers	1	76
DenisFabbro	1	4
rhodymomrunner	1	61
MichealNose	1	14
muzicluver28	1	6
vogueandcoffee	1	127
saraschaefer1	1	74
Laty543	1	13
wildanrishdy	1	87
Fenny_3	1	4
ramashanker3887	1	14
nickdawson	1	42
errolcockfield	1	30
hamadawaheed4	1	10
Danylemelin	1	7
suki247	1	63
oxfamgb	1	62
prcrash	1	9
_tomdaly_	1	7
lisagirion	1	5
iampauljames	1	4
DavidBurudi	1	21
TheBadgeConcept	1	7
KeuDuraes	1	3
Rockies	1	22
mirrui_	1	8
pricousins	1	86
burtonsnowboard	1	65
snowdotcom	1	83
forrestkoba	1	174
keithfrench	1	46
matthewmaysonet	1	16
bobmbori	1	10
NatGeo	1	340
SpiruKing	1	16
jumper_bree	1	22
itsmethesa	1	4
YanceyU	1	50
ccuellar	1	31
StewieGarifo	1	4
limedaring	1	31
ISLSS	1	4
JordanChris	1	18
marcioneivamart	1	2
jenniferlauren6	1	1
Gida46	1	9
k2two_A	1	34
Jr_saez	1	2
usajoerob	1	3
AdamHR	1	5
tedeytanblog	1	3
michaelgibbs77	1	21
filodrago	1	7
FoodFitandFam	1	93
erikkiik	1	25
craignewman	1	69
ShaneRWright	1	19
AJ_CaidensMommy	1	4
TiffanyDeshawn	1	5
rosenfeldmg	1	32
jordan_iverson	1	21
paul_steele	1	474
TravlandLeisure	1	255
ScottRasak	1	76
DJune21	1	3
chinaprettylady	1	18
eatblkbox	1	15
alvarezjulian	1	1
windowsphone	1	97
AlohaBruce	1	106
mattwdh	1	30
thongtinnhahang	1	6
Ms_Jackson124	1	29
jcarillo	1	19
GutterTheGreat	1	33
Cleobella_	1	39
LittleGurlx0	1	6
kcrw	1	131
ChristopheSF	1	16
Panoramic15	1	26
ejmiranda	1	29
mattcupp83	1	7
QueenofSpain	1	207
arsie	1	18
damonjohnsonvc	1	15
mojism	1	24
slowloris	1	17
someservices	1	29
CrayolaaLovee	1	11
dhh	1	115
dhg	1	29
JacopoP91	1	2
ruhanirabin	1	183
CuzImAwesomee	1	5
Zagat	1	586
__JuanAntonio__	1	5
ArashiEmma	1	4
splaaaaaaaaaaat	1	43
missria	1	95
VitalSmartsNews	1	1
djambazov	1	148
josiahway	1	7
HermEdwardsESPN	1	20
DesireeVallez	1	8
EFL_Guy	1	30
ElMasHot2012	1	2
jrsocialmedia	1	34
alfredotanjr	1	12
sabroyles	1	13
patelc75	1	19
jenmoses	1	44
decept1k0n	1	10
krismet	1	25
JSRainey216	1	8
peterkim	1	136
jilliebug	1	28
coachella	1	162
ECdavies	1	37
AboutLocation	1	29
smacdonald5	1	3
grantgust	1	16
kim	1	370
checho_klamardo	1	23
AnastasiaNY	1	53
Sherilynn75	1	3
willy_wopper	1	52
tiesto	1	155
DelawareRE	1	2
momx3deb	1	17
djSLEEPER	1	27
Burberry	1	180
axilles	1	24
howiek	1	52
cookingquinoa	1	90
DavantiDigital	1	59
simonschuster	1	101
chrszmnt	1	2
TodoMejora	1	31
ChaseNews	1	77
opajdara	1	114
aaronlutze	1	29
iluvMarthasVY	1	281
utorrent	1	21
Nandos_Official	1	25
Yubbie007	1	77
Team_Rik	1	74
academik	1	30
linthecity	1	11
airsaira	1	8
adelaide9020	1	18
HeatherZview	1	98
Chobani	1	162
funnychristine	1	9
JODYHiGHROLLER	1	113
alanvilar	1	2
Sylvester3322	1	26
Phergalicious	1	3
HildaAGoulay	1	5
SrtcGnl	1	13
IPerissinotto	1	2
mrLitke	1	7
CarlSorvino	1	76
SoundCloud	1	191
dicky_rahendra	1	5
1999DannyDaniel	1	1
hoverbird	1	62
MrCippy	1	40
PhxNTStreet	1	37
marieclaire	1	195
JakeDylan101	1	7
zkfoster	1	57
KathyHogeveen	1	32
streamingmarv	1	43
lchamberlin	1	35
gilbertogalea	1	62
CherylRice	1	41
treativa	1	41
dior1971	1	11
LeeJWallace	1	7
KiiddLightning	1	95
sefkac	1	17
txtekgnerd	1	1
PatParhiala	1	11
__aston__	1	22
PeteyRocks	1	19
artrainhuck	1	3
shrutigoradia	1	17
XGames	1	97
alie_webb	1	50
restorerguy	1	25
admagazine_eic	1	17
flavioyohonson	1	42
SparkTacoma	1	60
windowslive	1	55
TheGRAMMYs	1	172
LuckyNotGood	1	7
tanziping56	1	37
MAD_DAWN	1	70
Tristan9595	1	10
lbradford77	1	5
bridgetzsweet	1	8
visualcandyapps	1	27
alinghi100	1	1
TheOfficialDubz	1	20
BrandLippincott	1	9
LeanGrnBeanBlog	1	92
TonynTexas	1	36
_TriX93_	1	4
brad_frost	1	40
MASONLV	1	94
snwbdrhoon	1	30
aroundphilly	1	28
CareersAtVZW	1	5
turbo614	1	13
Cdmas2	1	21
Tdubzz14	1	3
Chuck2Go2	1	55
CatGreggs	1	86
iboughtamac	1	44
Osyrn	1	7
amy725	1	49
juni_dsm	1	2
dion_par	1	2
nikebaseball	1	10
ineedscents	1	13
fedolu	1	4
RodriggoLeao	1	40
3FOUR1	1	11
sdomingues	1	3
Katejankowski	1	17
admiralbun	1	22
QUEENNAUDii	1	13
THATSLYDIA	1	19
FairmontHotels	1	177
BenjaaIgnacio	1	14
brianhauer	1	57
seanhannity	1	79
krystahynes	1	7
FitOnTheRocks	1	55
reiko98	1	52
zz01pr	1	50
radiohead	1	121
TheEllenShow	1	1146
jasonkeath	1	186
joshySG	1	30
AfterDarkDev	1	66
FlourStation	1	12
frdhutaz	1	31
M155L34	1	57
foodem	1	7
giddyforpoints	1	23
GoPSUsports1	1	5
srrprr	1	16
JulieRasmussen	1	41
ArenaFitness	1	10
LiveNationShows	1	156
bentleygrad	1	12
kickball365	1	13
gknutson	1	73
sroberts7758	1	3
Balillibus	1	61
HeatherDMarie	1	29
DJIdlemind	1	43
PBS	1	269
4sqLoveStory	1	36
ekivemark	1	109
AlfaJunes	1	6
Coachforyou	1	228
scotchisholm	1	84
LiamQuinn71	1	22
KailaFreckle	1	6
neilhimself	1	211
Robbie_Rob21	1	5
Salventrex	1	146
christinamasayo	1	6
DaveKerpen	1	226
jonmertz	1	43
LPT365	1	182
vincewilcox	1	14
RodolfitoChile	1	56
Brett_Ano_Myces	1	1
jumastorga	1	33
Bravotv	1	251
Nat1may	1	7
EWWellness	1	7
kelanabumi	1	38
norcalfoxybrown	1	5
cbehrlich	1	45
MoKnowsHomes	1	6
Chloems_	1	18
CMXV	1	30
gaxilicious	1	10
jennaxee	1	17
mariatucker3	1	33
EDOZCLAZZICZ	1	27
MAmeres	1	67
elizadushku	1	195
combi31	1	47
GavinDonovan	1	70
dwilkin	1	22
mbl	1	243
craig_ansell	1	42
WHO	1	149
Perfectfuel	1	16
andyperez	1	22
ZellaXi	1	2
Nike	1	190
MarkRiffey	1	82
KAHBANG	1	29
IlSaladino	1	3
YogaArmy	1	279
cecrooker	1	41
LisaP	1	62
DoraAsZ	1	6
nakaekou	1	45
RothMarisa	1	3
SimoneTweeting	1	27
PhuotCoffee	1	16
ChrisN305	1	18
stylistadvocate	1	1
Zaharoff	1	70
zackbogue	1	44
Bill2028	1	8
violetmae	1	63
rsineat	1	32
AngellahKairuki	1	3
azaccheroni	1	3
TweetsInsurance	1	39
IsraelZuniga_	1	44
marthadear	1	15
chelsa	1	74
MCabrera70	1	41
AllAroundApps	1	30
JeffCutler	1	78
TheEcofoodie	1	141
SteveNash	1	160
justinseago	1	32
UNVIart	1	7
jacobdfriedman	1	20
coryjim	1	50
bhetzberry	1	18
hrhutchi	1	4
ccarella	1	30
Nikisf	1	11
mrjke	1	8
jendey	1	23
kurtkelly	1	5
SaraCialone	1	15
ittsssDOMI	1	8
jonwolffmusic	1	5
milo5030	1	4
huskergirl2426	1	11
TinaSheing	1	4
NathalyKolp	1	35
Brad_Justus	1	171
rbryman	1	20
annelizhannan	1	81
APstartup	1	30
DeweyDon	1	22
misterthibodeau	1	52
pyro_sp	1	7
gisernia	1	38
Mick_Gill	1	62
berlinwebweek	1	12
chococatgrl	1	11
whitneysays	1	33
N8theSk8	1	124
char_loko	1	10
jobantum	1	10
MikeRaww01	1	26
DavidSandusky	1	69
adriftnz	1	10
heardrwt	1	7
visaluto	1	4
shwen	1	151
jdragon1	1	5
MariannyRondon	1	20
gvaro	1	29
inamchul	1	13
nor_ald	1	2
lecksicon	1	50
nailsandheels	1	4
gennynguyen	1	2
OkanlawonDare	1	20
Clayman	1	88
CyrusJirongo	1	10
AndreasTrejo	1	50
alejandro1254	1	3
MeTakeaPhoto	1	11
YYCsledge	1	2
MissPauleena	1	37
SuRiaLHD	1	62
bobimpala	1	23
EricLayland	1	9
krisknisely	1	2
angelmccrea	1	30
elof	1	10
Crowdbooster	1	140
Lisa1920PM	1	2
writetolive	1	22
Maureen_Jacobs	1	223
codeschool	1	8
AlmostVeggieDAL	1	7
ConsumersTips	1	139
NightlyNails	1	10
wesmcentyre	1	5
FullerBizSoltns	1	6
libationbitch	1	5
liaozhongchao	1	2
UnaCatalina	1	34
ReneeJRoss	1	137
bradgosse	1	97
4sqATL	1	87
mithrandir13	1	9
RafhYotomo	1	8
tobiaspeggs	1	44
graphicly	1	37
Unc1eG	1	5
anaees	1	2
ManikRathee	1	55
giovanni	1	159
Lizzie_McD	1	60
LivingSocial	1	247
factcheckdotorg	1	40
jen_javi	1	1
bmw_free	1	38
icorsari	1	22
ashlimichelle	1	10
juhfroiss	1	2
pheezy	1	45
dbnewsjournal	1	5
JoeGray_	1	13
BFWwellness	1	7
PopEater	1	1
frankneill	1	93
rwwmike	1	137
YODspica	1	82
volarymusic	1	5
mikemackay	1	12
drbarnard	1	32
JaMae2	1	24
jillhanner	1	117
Bealkari	1	61
jawadansari	1	22
TGCCCFL	1	99
libbydoodle	1	32
HyattMaui	1	119
sioli19	1	5
VMS_Washington	1	48
patgrahamblock	1	36
nahaly9	1	59
GQMagazine	1	165
tannermoehle	1	19
LizSkoczylas	1	4
GoodRoleModel	1	51
caroseberryenh	1	7
Ezzie619	1	7
jillboc	1	41
martynrdavies	1	27
EddHerr	1	26
vmpowell	1	11
Slaghammer	1	17
hij1nx	1	11
Emily	1	54
dbmagazine	1	13
jkcallas	1	259
cu_aumz	1	23
dworthdesigns	1	8
cassmaticx_405	1	11
Relevanthoughts	1	24
GoDutchmobile	1	11
Kim_SFB	1	42
uROSEmeUp	1	9
L4U124	1	14
DaveWaite	1	193
steph_marie_c_4	1	2
jnegretti	1	97
oliveprisilia	1	3
stephagresta	1	395
charitys	1	26
matthewtennant	1	113
PittShopDeals	1	3
tasha17234714	1	2
PattyDao	1	40
OurManinMTL	1	139
WeirdCoupons	1	8
Shih_Wei	1	79
brandik	1	17
SarahTilton	1	20
Reiivalda	1	41
mooneychan	1	1
LanaDelRey	1	138
jameshuerta	1	7
OBEYGIANT	1	81
duongtrieuvu	1	5
Sting	1	12
Austin360Hot	1	35
admrich	1	151
EllBelcher	1	11
muFtiRentCar	1	8
foursquare	1	1011
french4thebaron	1	16
Redskins	1	29
DomTheNiCK	1	9
daryl	1	13
rohrrr	1	51
xyes	1	24
VictoriaFortnum	1	58
Shahkaal	1	28
kdfinfo	1	7
BrookeSmallson	1	9
hilary_brooke	1	9
SUGGAA	1	1
Geo_Gephart	1	16
dmcdowell523	1	6
birchbox	1	132
deannie	1	54
VladZachary	1	95
teddybam	1	1
WestonDesignVT	1	27
bmolotsk	1	39
fandw	1	222
phillip_nw	1	12
minderelly9	1	19
jasonmoriber	1	39
lishypants25	1	28
ryanleonel	1	14
RafaMartinTV	1	5
lordofthedawn	1	26
shopbrazos	1	3
jenespy	1	1
starbucks_es	1	9
PanPacificFest	1	18
TrademarkHotel	1	2
olivemagazine	1	43
TravelSummary	1	24
CindyMayH	1	40
superduperswarm	1	9
hawaii	1	278
Jennybondurant	1	34
fgvilaplana	1	4
NatalyaPolunina	1	2
CopperMtn	1	52
stodrick	1	64
davevalo	1	6
daddyclaxton	1	113
TheDisneyBlog	1	74
irabinovitch	1	17
DryerBuzz	1	149
JacquieMcMullin	1	11
PGMCBass	1	23
Experimentlbloc	1	8
notecardgirl	1	26
mohondangsawa	1	38
ProfPaulKrugman	1	88
elhipsterpobre	1	20
WhistlerBlckcmb	1	82
onikilly	1	2
neodysis	1	13
Adria_BetaLab	1	1
tavitulle	1	95
ricklessss	1	9
QuadrilleFood	1	70
Fausto_Enrique	1	41
RadioBrando	1	2
PCC	1	60
iamdiddy	1	418
IrmaGurd	1	2
CapitalFM_kenya	1	31
TyaNoverra	1	73
OlyCannaMed	1	9
DonaEnsell	1	14
maurice_roos	1	27
ryanroche	1	16
v8supercars	1	8
MarkABoudreau	1	19
adanciovegaa	1	40
rickyrobinett	1	41
manutd_action	1	2
melissyk	1	79
lalleclausen	1	22
CityChixBoston	1	6
juliaroy	1	293
PGATOUR	1	59
pulpconnection	1	11
TravelMagazine	1	171
nate_not	1	2
pornstartrevor	1	17
LewisHamilton	1	57
NOH8Campaign	1	898
Afpa1	1	25
Bergdorfs	1	154
meghanboyce	1	9
TimeOutNewYork	1	202
AshleyKMayo	1	55
guardian	1	197
suzi123	1	39
DaoNhung	1	6
ebmonson	1	72
mariosundar	1	112
tereset	1	33
EdibleBrooklyn	1	32
marren675	1	9
MoveSweatLove	1	46
EmilyPfister	1	15
aabrahamsson	1	19
toryburch	1	137
2B_Fit	1	66
Mr_Grimshaw	1	22
Interscope	1	248
CalsClassic	1	39
dhoov08004	1	10
atalexbooth	1	18
dancerbradley	1	29
RevJohn_316	1	21
marvinjr	1	44
daynuhhh	1	2
VizIDofVT	1	9
WomensHealthMag	1	266
huffmanaustin	1	36
_sydvici0us	1	29
ts200_bot	1	170
AramSabet	1	26
kourtneelynne	1	16
nguyenthaotvtc	1	6
celo4life	1	36
markmcmorris	1	21
ZordanGiovanni	1	5
Victorcarbonero	1	3
tinkersparkle	1	11
kvbwork	1	41
MatthewJLeBlanc	1	12
LoTekJunky	1	1
Paalliii	1	4
DailyTix	1	10
anniemal	1	138
CiscoSystems	1	138
verge	1	184
Camilonate	1	19
fsmnyc	1	13
UALRSSR	1	2
houseofbrew	1	102
scrappy_face	1	113
Looooren	1	91
SChessEray	1	13
TehhQuickScopes	1	11
iswaniin	1	5
kelly_clarkson	1	164
damlamutt	1	1
ScottWallaceMD	1	15
AliciasBusyMind	1	27
mirinaki	1	4
mgallops	1	45
RigginsConst	1	75
weightloss780	1	1
evgone	1	121
ChaseGarrett23	1	16
RyanStar	1	17
tomasgonzalez1	1	44
Emo_isRad	1	5
osakasteve	1	30
BaskaKlimek	1	4
msh	1	39
leyla_a	1	165
chamillionaire	1	74
TeamJohnMnyika	1	1
robhitt	1	24
ChrisOlave	1	9
JenniferAdaeze	1	21
HealthyLoserGal	1	62
ladygaga	1	926
txdiceman	1	1
DoyenneDesign	1	30
misspickles2	1	59
LONTAE_J	1	10
mbilt	1	5
MarkSargey10	1	11
Bodlar	1	4
briankillheffer	1	13
JToddT	1	20
vegasgeek	1	52
MackenzieChild	1	25
Ss_beautiful	1	54
lesliempr	1	39
Iaconianni	1	91
TherafitShoe	1	48
JCABOYTE	1	4
blacktoad	1	26
pranavno9	1	14
annabassham	1	41
tylerdickinson	1	14
hmsverige	1	4
r0b3rta	1	53
pieralda	1	5
MikeyAnthonyJ	1	38
jefflange	1	102
moralesclaura	1	30
ashong	1	85
WeCanBegin2Feed	1	67
thejoshbjones	1	16
lifeinparadise	1	38
equestrian_girl	1	19
kimakarei	1	1
williammullin	1	17
MollySBrawley	1	1
Route53	1	59
jonhearty	1	100
KacharaJ	1	9
HyunINC	1	23
RonaldoSuper7	1	43
ChayaMichelle	1	12
ClearBoxMedia	1	26
millardayo	1	10
SimonvanKempen	1	70
RyanAmos	1	45
bidibidobidiboo	1	2
rsullivanlaw	1	72
StackSocial	1	15
jmj427	1	8
Samuel_Clemons	1	186
JennMatilla	1	1
daylehoffmann	1	53
digix3	1	37
bukita_	1	8
danopaquette	1	35
jibonhealth	1	6
soufside214	1	16
stephinge	1	49
SeanMurphy747	1	5
metafizzyco	1	2
EnergyInTransit	1	14
joy9017	1	12
BrammoSays	1	177
sdresden82	1	1
s_vernacchia	1	20
RMSisu	1	3
skrishnan82	1	25
dietpepsi	1	17
naughtyafarias	1	15
Jack_oli21	1	3
WeinersTravel	1	14
cmuiz	1	10
weddingPR	1	32
hiddnmickey80	1	40
helenhuang5	1	1
rpmcesarlee	1	8
setihome	1	4
blakscribe	1	20
anhvunav	1	3
rakeshlobster	1	105
mat	1	103
g12eddie	1	12
gryanrob	1	1
FunnyLaTice	1	35
RestoFrenchie	1	3
MaserArt	1	6
medcrunch	1	9
Re_Alex	1	1
revitalize_usa	1	25
Pitch360	1	34
London2012	1	174
GameDayOffers	1	18
DaniFankhauser	1	67
tessabarrera	1	22
Kat_Opie	1	4
slaunius	1	7
continuants	1	27
JasonMRudolph	1	13
Fooddotcom	1	41
VictoriaOsteen	1	10
TheAlexisBrooks	1	7
litlfaiv	1	22
Walgreens	1	97
justinlevy	1	257
thisisjeffrey	1	81
TazzaCafeBistro	1	1
barneydesmazery	1	16
interactivelr	1	47
LOLinROFLin	1	5
twitsath	1	31
ajphusker	1	29
selatansumatera	1	38
suzekoch	1	2
TheRiffRaff	1	7
RussellYermal	1	16
mikecurrey	1	28
JasonCoffee	1	23
mikewnuk	1	7
IE6NoMore	1	10
HUGOBOSS	1	52
miguelrios	1	63
4jonnhart	1	9
kturrini	1	46
CN_ABQ	1	7
kyh0055	1	1
volvoautoitalia	1	9
AOLTravel	1	48
rrrins	1	37
nick_rehm	1	2
JoeyFife_Vegas	1	28
n_e_r	1	1
RokoVuletic	1	2
MiguelUnlimited	1	54
JuliaKrause	1	22
Ohmeeeed	1	2
PutItAway	1	55
iPrinceMB	1	8
misssarasays	1	58
mattdusk	1	9
mediagadjets	1	11
WHISKEYBLUELA	1	33
missrogue	1	251
AGFTMW	1	7
Abwitch	1	6
MariaCiampa	1	19
rahsheen	1	42
oakley	1	145
foodgawker	1	39
tmbg	1	29
SynergyByDesign	1	45
nnthuan	1	4
bernardmoon	1	242
wwbaker3	1	16
msnbc	1	191
Jennipulos	1	40
yama	1	109
HIFarnborough	1	29
bowsern	1	7
VladimirLarose	1	43
J_Ennis	1	37
jeremiahaja	1	24
Mizcardio	1	13
HRLori	1	44
ramyadelhi	1	2
noraa	1	70
Queenfishersavi	1	88
UConn	1	8
travismcghie	1	29
CMPunk	1	46
jkflenory	1	24
USNatArchives	1	14
bdkjones	1	5
Forever21	1	108
EricAllen1970	1	6
Travaasa	1	27
1oomiles	1	5
marissa_unique	1	5
PerfectionMLC	1	12
QBANK2	1	5
SEXXYLYPPS	1	1
carlodemi	1	2
Antnys	1	25
scottcb71	1	5
SokoAnalyst	1	23
DavidOstrander	1	37
seandolinar	1	12
timm3h	1	67
sparkey215	1	49
TRAVNATION80	1	57
batunaaBEP	1	8
ranonah	1	4
engadget	1	271
kebwilson	1	28
caseydaigle	1	6
RickBakas	1	276
garyvee	1	673
concerts	1	104
annapizarro	1	8
grandpas_closet	1	52
DailyFanBoy	1	50
FRANKINIRAQ	1	10
Deskoneer	1	18
JCKelley3000	1	13
icharlinreyes	1	6
AndyKaufman	1	166
InterConHotels	1	111
skilibertymtn	1	18
OurOrdinaryLife	1	72
RPrachyls	1	6
jnnychristian	1	7
tylerstalder	1	35
RBonell23	1	18
cllev	1	34
Missalyss04	1	8
superbetch	1	32
ev	1	642
buerzel	1	4
Sears	1	115
dpg	1	34
ilovedoom	1	26
vkedjo	1	2
Baxeico63	1	3
AgentJirius	1	35
__Andriii	1	11
Eater	1	125
madpang1	1	49
chriskleblanc	1	10
savvytweeter	1	16
ejc	1	80
cincicouponbook	1	13
4sqmap	1	26
kylesmith0509	1	13
F_Factor	1	36
RajQsar	1	66
Ash_Strick	1	28
turian	1	12
Shape_Magazine	1	154
cammipham	1	500
tekakwitha	1	8
SeanWooHoo	1	43
twinity	1	30
FundFever	1	3
FuzzysGrape	1	1
SutahOnTheBeach	1	14
Seppy87	1	6
CrcValeria	1	7
rondostar	1	45
HammerHouse	1	6
PaulBernieer	1	113
SteveAkinsSEO	1	250
SwiftyDigits	1	8
areacampervda	1	7
mzpada	1	2
TheDistillery	1	8
circuitamericas	1	29
ChrisCrocker	1	99
aldo_dg	1	2
bpmilne	1	40
keewood	1	150
VFrandsen	1	17
Krochmal	1	133
BravesDiva	1	13
stacyknows	1	127
Atorrez	1	2
apertivo	1	5
SalonTwentyTwo2	1	1
BlackBerry	1	182
jimcaruso	1	150
CavigarItalia	1	4
shiralazar	1	228
nik_nik	1	208
7Sevenluck	1	1
GlamSquadShop	1	26
beaufollett	1	27
ElectronicDWARD	1	41
abouthotels	1	34
Jen_Walters	1	22
JohnWhaiteBakes	1	24
Bielieber_smile	1	65
ecoledespoints	1	5
CynthiaDEngel	1	21
bdgiesen	1	73
ATT	1	122
CookingChannel	1	77
ArzilliFabio	1	9
timmermansr	1	26
havebettersex	1	5
MinniePixieStyx	1	82
eluxsana	1	3
FastCompany	1	669
chad_wilson	1	11
MediumThomas	1	30
seoprasen91	1	9
ReefSriLanka	1	23
DanCarter	1	12
LaughingSquid	1	361
DazedMagazine	1	213
HOBSanDiego	1	64
thisisbossi	1	9
TheDairy_design	1	9
Hugs_Forever1D	1	11
bradyhahn	1	91
gupshupblog	1	129
GoHealthHero	1	82
buylandonline	1	155
CraigDaitch	1	111
Gentlemen7	1	6
scwbkk	1	5
joinRED	1	186
SheRocksFitness	1	72
runwiki	1	70
dreadfulspork	1	12
dsantandrea	1	2
lamentore	1	24
MaggiosPlace	1	3
hubdardevilia	1	19
ParentPalace	1	20
Paigex71	1	1
mayrikkaaa	1	39
WillLeather	1	29
thedewtour	1	2
RoadWarriorsUSA	1	122
4raam4	1	20
doctorx316	1	33
theblondeMBA	1	23
heartbeatcowboy	1	54
History	1	141
RockTique	1	76
joemirabella	1	56
EWalder311	1	19
Equinox	1	148
Colorado	1	152
realtorjaci	1	37
dfspgh	1	11
BiteSzWellness	1	75
livedeified	1	16
bunitv	1	5
LathonJames	1	29
ArielleEuringer	1	18
allihagendorf	1	76
pfanderson	1	138
RandstadTelcoUS	1	3
talmixed	1	65
Sinyo05	1	7
jaycbee	1	223
mulligan	1	80
binowski	1	24
betabay	1	24
pedrodfonseca	1	2
sgbarnes	1	19
fritzism	1	57
TheUrbanDaily	1	40
WritingByMatt	1	63
abestanway	1	27
KaylaZerby	1	132
NatGeoTraveler	1	152
TrishCarey	1	74
colettewh	1	9
emmaziff	1	64
lucho4ever	1	5
malmil	1	3
jimruelle	1	3
MaxMuscleVA1364	1	6
LawrenceYeah	1	22
JohnBKost	1	17
kevin	1	140
LegendenLagoni	1	5
Hateyoubxtch	1	5
morethanawesome	1	13
jerrylin	1	23
gabolopezlillo	1	4
Na_Chainz	1	19
txtorch1	1	40
Widybungsu	1	3
MScottDonovan	1	15
MANHUNTespanol	1	5
kulmer15	1	4
boltron	1	56
kristiewells	1	159
adamteacompany	1	70
dailybuzzfood	1	79
richviii	1	19
JoshuaDavies	1	21
mvanhamersveld	1	2
Lynzle	1	3
sracp	1	3
enea_rossi	1	22
imabima	1	30
KKoba33	1	57
tacanderson	1	166
AdrienneNHester	1	87
emilystrichartz	1	12
1000Museums	1	27
GAYBYdedios	1	55
alexpinillaa	1	34
carlablumenthal	1	68
lukeaf	1	18
buffer	1	49
breko	1	14
4sqday	1	198
DanKimRedMango	1	79
brimer	1	95
MLS	1	83
bigchairproject	1	20
jrypglsk	1	10
TriviaAD	1	21
aghigi	1	7
BillSacramento	1	9
Beejer	1	38
DjMYK702	1	23
vanderls	1	42
globallover3	1	46
LAcarGUY	1	83
BikersWelcomeUS	1	114
weslyons	1	19
ThemeParkFrog	1	13
diegofrancesco	1	39
dgGoes211	1	17
VICE	1	155
FairRhonda	1	6
DrJamesTLa	1	4
websurfer99	1	26
GbyGUESS	1	59
davidfpatton	1	10
peoplemag	1	456
LaurenJBuchman	1	30
inebriation	1	15
ferol	1	10
paulbz	1	78
jordanrr83	1	5
AnitaDea	1	3
LuLuSilky	1	16
NYGSin2011	1	2
dwayneburgess	1	16
domleca	1	40
vivalsvgs	1	78
TravelDailyNews	1	93
HeyItsLiam	1	17
RoqueV	1	15
FaceOfJimmy	1	3
joshm	1	57
mashable	1	1335
JoanWebb	1	1
Paper_Jellyfish	1	76
A_Cuban_Beast	1	10
chellfrank	1	6
GovernorPerry	1	86
ColtonLHaynes	1	28
garrettgee	1	33
BaxterHolmes	1	11
fromthebronx	1	9
woot	1	226
jbieberslays	1	88
travelerick	1	24
rag5051	1	29
plgcorea	1	32
SMSJOE	1	87
msmarys120	1	7
danmaccarone	1	42
blakefest	1	6
WalmartHub	1	93
thebradical	1	12
riccardolozza	1	21
pablo_r1	1	8
LongLiveFit	1	76
geofftweetme	1	6
Rita_Barry_	1	84
MBoughton	1	4
LifeisPorno	1	24
chunkfu_kevin	1	12
charasmeetaro	1	7
davenielsen	1	9
smoranh	1	14
JewelsHRH	1	26
Patrons_Ins	1	26
iJody	1	71
_JacobVallejosP	1	30
GeaLenders	1	56
eisbaer_muffin	1	15
Shoeby11	1	3
lynneluvah	1	91
HakanSelvio	1	15
TorinWallace	1	17
udbazza	1	3
UnikurveFitness	1	5
StefanoGiacco	1	5
laignelet	1	57
PittFitFinds	1	3
SunintheSkye	1	2
nktung318	1	4
TechButthead	1	35
LAMhookem	1	58
soundboy	1	58
mike_white	1	17
DalaiLama	1	664
RachelLetts	1	2
aldy_pg_boyz	1	27
OnionPolitics	1	27
SarahSperling1	1	6
42at42	1	9
ElleMariePawley	1	1
RevBell01	1	15
synchorotical	1	58
desigurrl	1	18
GetOuttaMyHead	1	29
Aqua_Eyed_Girl	1	40
AleGrechi	1	24
EatRealThings	1	30
espn	1	466
pahlkadot	1	101
alan_csy	1	110
Idexesgv	1	3
MISSlyz	1	25
JeffSinger4	1	2
pauli_la	1	6
jaznijjar	1	30
Que_so_dip	1	7
RubyDeToroMusic	1	34
autoportal_ke	1	8
readysetgrow	1	55
Akoni75	1	32
AngryBlackLady	1	17
Iceteaman_34	1	13
wingsrcl	1	6
MoBea	1	104
SkyMall	1	25
SwahiliStreet	1	12
ZoePoundEntTR_J	1	2
leoop_	1	5
intlidol	1	4
gpechmann	1	22
lyndalpn	1	21
ryanmcminn	1	11
Foursquare__	1	28
2007_s2	1	3
Camilla_SDO	1	46
WhosWhoinKenya	1	25
Quan	1	48
DanykaC	1	23
pwashere	1	12
connectyou	1	117
BRothenberg	1	60
JorgeLuisHino	1	11
davedash	1	8
BrotherFerdie	1	8
Koichisan	1	33
msteechur	1	22
LucyMbabazi	1	14
CrownePlazaMel	1	5
RobMontoyaAZ	1	24
richbltn	1	4
MuseumModernArt	1	259
WarrenWhitlock	1	474
HInnovators	1	9
Fitnessmom1	1	40
whatthefurr	1	9
denztyo	1	42
muchiyamajp	1	12
CRMcMullen	1	7
krestylz	1	7
djolutosin	1	41
DKhaemba	1	17
SecretService	1	42
Daveotten9304	1	68
skillshare	1	87
Soloibiza	1	6
Riles_C	1	15
lacyg311	1	21
NilsGranger	1	35
tlongacre	1	16
HIEBG	1	4
dkr	1	50
ryanchris	1	69
HIcandyLeis	1	4
Dayafter2012	1	10
danielcandia	1	35
Marce_Lobos	1	39
sarahvargo	1	41
seattlesabrina	1	11
abbiesanderson	1	15
TonyDasco	1	122
Beklop_pter	1	2
garychie	1	12
gazer1999	1	35
RoyMrad	1	59
Badbrad562	1	9
Jenn_Rudolph	1	28
kiss957	1	17
helloitsliam	1	13
DPur66	1	10
yotsechan	1	29
YoungOwen	1	26
foursquarebadge	1	353
amynprychitko	1	4
ianstormtaylor	1	15
AlexandreOGS	1	28
joannabarbie	1	37
sherylshusband	1	4
ZombieJester	1	19
RothsteinJewlry	1	113
mayhemstudios	1	385
SunDevil1988	1	81
DietsInReview	1	68
alexskovtun	1	11
Cre81luv	1	1
LaurenAshleys	1	16
NoLmtsRunning	1	63
Chumy_	1	4
HiStevenage	1	8
onedirection	1	92
keka_mm	1	28
LuxuryLink	1	122
TravelOregon	1	88
KAGuth1	1	6
travel_buddah	1	18
damunroe	1	5
pattiemallette	1	36
textPlus	1	148
daisyteh	1	2
disney_geek13	1	6
JottaCalderon	1	39
McShady41	1	11
amberweinberg	1	15
PeevedMichelle	1	40
snaptu	1	57
BexAoanan	1	18
ExcuseMeG	1	4
JulieFord808	1	27
JoeCLucas	1	40
elgauchogrub	1	7
mcm180	1	29
that_danielle	1	62
S_Gonder	1	10
grevenba	1	1
roxyolin	1	24
rindaindriati	1	8
cijibhnee	1	46
RickyCam	1	56
amazingemerie	1	3
nzajicova	1	22
TrumpCollection	1	196
kristathomas	1	93
DallasDirtCandy	1	89
ambde	1	13
JmeCollection	1	19
CarolinaMillan	1	81
Davud6969	1	71
GregLee	1	18
Corbenic	1	36
AlyxandraJoy	1	4
djroxanne	1	16
AmyGSFN	1	37
OhhMyLoveQuotes	1	17
nyphospital	1	10
gigiskidamals	1	80
Alen_Daniel	1	10
dldincali	1	18
loxie	1	3
proloyc	1	2
kazab	1	75
OutSpokenNYC	1	42
ramez	1	38
BakedBlondeBabe	1	1
MeganBrownRN	1	15
NctrnlBst	1	44
thepatmorgan	1	25
IMPACTWRESTLING	1	21
KChapmanRN	1	3
Captaindanyo	1	19
losing100lbs	1	67
arizinhoo	1	5
catufunwa	1	26
JohnEdetroiT	1	5
mrflip	1	36
Its_ShadySwag	1	24
ystrickler	1	38
dibythesea	1	41
NCPSSM	1	16
technopolitik	1	21
djyoungdirty	1	8
TimbersFC	1	30
mRushwa	1	2
TheBrooklynMD	1	52
JakeFournyay	1	41
thebeaconstreet	1	6
wjasong	1	5
techmtaa	1	10
ShprAlex	1	19
FoodNetwork	1	424
guentheralmaty	1	74
mashablejobs	1	62
LaughingFood	1	27
CocktailParty	1	15
ashleyjorn	1	28
CodaAlFine	1	6
seth_weisfeld	1	75
KatieHerzig	1	22
patcarroll_acct	1	21
CallMeMattClark	1	4
MuntherJwainat	1	53
jackwrigley	1	70
ATTTeamNatasha	1	14
ethan9293	1	2
DieKathrinS	1	3
spowellhenning	1	35
jimclifford17	1	58
NeilGale	1	43
KikePalacios	1	31
BrittGonzalez	1	16
jwhelton	1	25
joekanakaraj	1	18
RubenSanchezBCN	1	1
megameetei	1	9
lexiinNY	1	39
ChipotleTweets	1	124
nathanhoy	1	51
Film_Degrees	1	1
StephenPeeler	1	20
dannybloomfield	1	93
EleParisi	1	26
mj_loop	1	9
RTMINDLER	1	19
lowcarbdiva	1	42
desunovabeach	1	7
zinfiend	1	46
djtanner_	1	35
codingjester	1	18
sidosw	1	31
TwoGuyzMusic	1	42
Victoria_Willis	1	9
CateOMalley	1	67
markfidelman	1	100
jamescaskey	1	37
ngilbert78	1	7
a_zanoni	1	3
JoelOsteen	1	108
Jackal_News	1	13
downtownfiction	1	16
nandita	1	75
JessCnascimento	1	5
DeanDewey	1	1
The_Git	1	78
joymachelle	1	13
TheRealXtina	1	174
CaronSue	1	77
BBreePro	1	13
ashsmeltzer	1	32
artofFLIGHT	1	42
ReaLIZeU	1	42
rpilney	1	55
KevinUrie	1	118
mmalkoff	1	230
quixotic	1	242
Telcomintl	1	14
WholeFoods	1	706
flakez	1	13
alexbraunstein	1	18
Mari18	1	98
topazinteriors	1	21
HBO	1	156
LauraBradbury	1	17
hannischca	1	10
fourscan	1	39
IXRomeo	1	26
jcinis	1	21
Patrick_STSADM	1	9
skd3121	1	8
RobHillSr	1	7
saintinc	1	97
CASNRISSA	1	5
LeahMarie519	1	9
DaBrowne	1	27
BoulderBaked	1	27
apgwoz	1	18
BeckyFoxFitness	1	29
NYCParks	1	51
cjoh	1	53
Ms_McMillen	1	30
wandy_gultom	1	13
DJDREK84	1	34
malibubrandy7	1	71
Bremmel	1	123
williama2507	1	28
PartyonBro	1	19
MattersofGrey	1	86
marquisStyling	1	3
heymattkirsch	1	11
splatteredmess	1	11
lindsayyyloo	1	15
4sqOnCampus	1	71
BostonsIrving	1	6
jackinessity	1	111
parlotones	1	9
zacwitte	1	37
SemperCj	1	17
DyanneWy	1	12
Vocus	1	134
russviola	1	5
amodeh	1	12
CactusVilla	1	83
franksterrr21	1	5
CTBites	1	43
shimpster	1	38
thachnguyen	1	38
RealestMedz	1	57
tonyblass	1	25
CHELSEAinLA	1	36
drubner	1	31
bkfaloon	1	5
nugmag	1	18
Nick_Mangos	1	14
Mr_Adri	1	20
BrandonScullion	1	11
SUZZorLose	1	3
JohnsHopkins	1	61
cindyrene73	1	6
_KingWebDesign	1	32
intel	1	152
SydHarrington13	1	15
Rebecca_Reece	1	23
PwoperB	1	11
patrick	1	45
otono1	1	50
andrezapinkamor	1	1
jenstatsky	1	54
wooong	1	30
charitywater	1	355
MissingSonics	1	43
TeamTRI_DTT	1	17
monkyfunky	1	50
TravisPearl	1	31
ShuttleHugger	1	79
lorenb	1	63
Elisabetta_Bgn	1	16
alykhansatchu	1	101
omgitzfern	1	19
lumadessa	1	2
LiveFitDaily	1	79
lancelfc	1	23
WHYStudios	1	4
ddsawyer	1	29
LudoPalmieri	1	8
Lucas_PVPLabel	1	3
dragonden	1	47
planesANDapples	1	9
makerfaire	1	47
Frosty5798	1	25
Tiannacalcagno	1	35
pixeliris	1	17
notoriousemlav	1	24
EnzoBarba	1	5
xiam007	1	141
yancyscot	1	75
meaghanbmurphy	1	29
technosailor	1	109
slice	1	63
bling0	1	41
DocGreene	1	8
jordanenglish	1	29
Forechecker	1	26
jennofthieves	1	7
PhilliesChris	1	27
InStyle	1	301
LoveYouKisses	1	12
gustavoantoniok	1	36
Gogo	1	151
MaegenWilson	1	3
aussieBum	1	78
sinela	1	53
gustinakanin	1	9
starpadilla	1	70
GizziErskine	1	26
SHO_Network	1	20
Bobatious	1	4
seiji13	1	11
lauren_foster	1	24
Alanmramos	1	3
charliemonteiro	1	10
ChristineHitt	1	82
Thrillist	1	241
TarahFO	1	71
stylelistsays	1	1
Rafichou	1	30
GRD_OSDVLRMBL	1	22
jencotton	1	3
joelyoh	1	18
iamkhayyam	1	165
djuniquestyles	1	33
toscareno	1	98
Corcoran_Group	1	115
chadcat	1	92
VeritzHudson	1	15
aboutfoursquare	1	222
jorenerene	1	84
KenyaRailways_	1	15
om	1	382
NicoooRojas	1	44
JessicaKM2	1	93
Footy_Jokes	1	11
ThatMasterDan	1	10
DmytroVoytko	1	20
JulienneLin	1	11
joe_mansour	1	5
lyssame0w	1	22
mikulsky	1	27
SaraLynnOsk	1	19
EricHernandez00	1	4
promotionshare	1	3
jeabson	1	1
MonollaInc	1	8
MegRaeGrady	1	20
diegomamelli05	1	18
AKintheATL	1	12
jennylup	1	3
nuesoft	1	16
LunaParkConeyIs	1	39
_meglet	1	26
VincentRaimondo	1	24
kw70	1	3
themacstore	1	1
tmgcgxj	1	1
DoubletreeSkoki	1	35
DewiMaileLim	1	107
ljaniszewski8	1	6
sdodson	1	6
thaz7	1	36
JMOxQ_	1	6
OONAmusic	1	19
Bauernjunge23	1	12
macynguyenthanh	1	6
Ahauptman	1	63
ash_nicholson	1	12
musky83	1	5
doubletreevf	1	25
MarkGibbons	1	28
adamgranak	1	2
ziofilo918	1	2
kellythul	1	47
bestkeychains	1	20
pittsburghevent	1	3
carsonbetz	1	1
EROK	1	15
stevegraham	1	42
Christinekorda	1	214
hodgman	1	263
DestinyRoxx	1	60
Travelingcigars	1	8
nandimak	1	10
get_lo_lo_lo	1	5
sincevince	1	1
DavidePreti_Bo	1	3
SimplyWandaInc	1	27
ImDJDDDDave	1	33
cspan	1	161
noisettes	1	9
jenw87	1	9
redbull	1	430
srobino1	1	10
AugInBethany	1	8
SandraFoyt	1	83
PocketJew	1	2
FedeSavinon	1	3
tneumann	1	10
JasonBakerAZ	1	33
JESS3	1	373
CEW_NY	1	18
DanRichardsJr	1	67
rushwan	1	11
CMMoffitt	1	107
TimeOutMel	1	4
Littlestarxxxxx	1	7
styledotcom	1	159
vinvickery	1	35
robwindsor	1	19
DavidRBonanno	1	13
It4sqSu	1	32
msmeshelle	1	10
CultureMapATX	1	29
alexgarcia	1	125
Willie_Mitch33	1	9
kokekyle	1	44
4_sail	1	1
jeremygimbel	1	6
darwinianfail	1	63
Flancissca	1	3
adnys	1	330
lfatzinger	1	221
Darryl_Glenn	1	5
bchrastina	1	90
AvaTwilighter	1	5
fdncenter	1	47
newtgingrich	1	128
BangKieuTrizzie	1	4
lightofatlantis	1	2
rebnorman	1	58
Cirque	1	219
geeluuu	1	12
jennicake	1	38
jessicalawrence	1	107
agnsse	1	2
DJSarahJane	1	16
JasonCastellani	1	9
felix	1	13
JodiOkun	1	179
gdrosser	1	25
JimKukral	1	181
Huge774	1	11
sonyxperia	1	8
agirlnameddylan	1	12
abehrou	1	2
betsyvetter	1	9
BeALush	1	6
VISITFLORIDA	1	75
TrentWalton	1	25
mySpaShop	1	25
KnibbCraig	1	65
carlos_henry10	1	5
hiddlesbitches	1	2
sameder	1	51
washcaps	1	27
MandySchu	1	12
melgordon	1	45
LeahLovin	1	30
armainiac	1	36
LIFXLabs	1	9
strickman	1	30
SoundersFC	1	76
Dejandomarkas	1	47
Kid_Boy08	1	62
bmi	1	61
RMammaKat	1	11
CavemanKLAUS	1	42
SheilaDillon	1	16
CatchAChoo	1	6
PennyRed	1	39
volcom_ent	1	17
gyrus	1	6
SoleSisteronRun	1	65
joshuagates	1	44
schachin	1	123
CNN	1	721
benjamin_ski_fr	1	47
11carhun08	1	7
idaempress	1	14
N4_BB	1	26
libawr	1	23
groob	1	11
adenosino	1	38
brainw0rm	1	2
GetNakees	1	6
BonitaBrown1	1	20
motosanricambi	1	3
czsupplements	1	18
susimi	1	9
ajturner	1	40
Columbia1938	1	57
seanflannagan	1	43
G_lovesky	1	28
seyfisincar	1	22
heidismilde	1	2
ericwms	1	50
ayseeeeee_	1	11
clementbryant	1	49
TWIZZLERS	1	20
iTylerA	1	2
mitchykov	1	16
beh_zod	1	25
mizmaggieb	1	45
el_alexis	1	10
Virauto	1	30
kate_ball	1	3
anildash	1	337
postpolitics	1	78
nandonco	1	19
snoram777	1	21
frankyurban	1	91
metmuseum	1	146
Divas_XO	1	7
VikkiVendetta	1	6
fmacaya	1	14
chaseprice99	1	2
jonsherrell	1	24
Lameification	1	1
MarissaLK85	1	21
NW_Infrared	1	13
AustinGrandPrix	1	32
Sead_Get_BizE	1	13
NCAA	1	60
ajwerner	1	10
ThePlayChamps	1	73
Rick_Bayless	1	137
Mariobatali	1	172
Pangkor2012	1	19
hornOKplease	1	124
Hamzahaprilio	1	10
divshot	1	4
ScottDreyfus	1	40
MissShawnAshley	1	5
jakelichtenstei	1	9
whitneyjayne	1	11
quicksand02	1	10
_EuSoQuero	1	1
albertwenger	1	120
CrysSouth	1	53
manuel_c	1	143
bobby_paterson	1	24
NewYorkHabitat	1	75
Ryanintheus	1	203
lorifraleigh	1	50
Restaurant_com	1	176
urhandreader	1	5
GRTack	1	1
KniceKenya	1	3
duRails	1	26
bgawyeah	1	15
projectdanielle	1	16
gossipgirl	1	73
JohanEckman	1	3
jspepper	1	195
katebuckjr	1	221
GSBIII	1	27
elonmusk	1	206
uGoTTaTAsteJAY	1	8
GMinischetti	1	1
TwitPic	1	677
thereadyset	1	29
theigirl	1	44
KateGardiner	1	114
BrianTomkins	1	220
angelakohler	1	5
jazzyjade45	1	21
johnrelihan	1	14
k4iL	1	34
leolaporte	1	340
vojacque	1	27
Neptunis	1	2
RachelAubrey	1	28
JohnBPetersen	1	40
juanctirado	1	1
indyfitgrooms	1	21
StevenAlbritton	1	3
NPR	1	141
musty_mas	1	34
dmontauk	1	9
Berliner_Hotel	1	25
instagram	1	1179
MirandaGrace2	1	14
wmag	1	205
SepidehN	1	109
anthonyshelley	1	14
lemosylm	1	6
pablocaballerod	1	37
roxxanr	1	17
beaulebens	1	36
AntonioCDSmith	1	33
tiboutoo	1	5
MktgNerd	1	43
RealSteveBeam	1	2
ceonyc	1	159
chriscornell	1	124
DRoyale	1	8
joubre	1	21
PBR_NC	1	3
eyeMediaDiva	1	81
Kass_FM	1	13
okn_gs	1	28
bernytg	1	29
BandanaTraining	1	20
DaneCook	1	285
TonyaWalker11	1	16
nycgov	1	71
MiranMaric	1	22
LULUFIFILU	1	8
abigailcamx	1	11
DracoRigel	1	100
MaanuModex	1	4
sundew_K	1	4
ElMismisimoCaco	1	36
AlanNYC	1	57
muscleroid	1	1
MarkWhiting	1	13
tptran	1	14
NYCCouncil	1	27
HilltopLive	1	2
PinterestExprt	1	18
ThelIluminati	1	37
opensourceway	1	61
ozerhawa	1	2
outmagazine	1	90
reneekrenk	1	14
naturebox	1	48
mustbruff	1	7
Jordanmabe	1	20
Saxe_Ortho	1	13
cybilrat	1	15
SkeeterNYC	1	153
rafaeldeath123	1	4
Gadling	1	157
guardianfood	1	43
rkim87	1	9
FoodConfidentia	1	28
endovenoso	1	24
fsbwelfenburg	1	10
Guggenheim	1	188
gaga_fans4fans	1	5
rtsnance	1	35
alanhuynh	1	22
AustinMahone	1	53
kurungsiku	1	37
mancinelli1	1	3
inside_zappos	1	40
LeoDiCaprio	1	218
Jani_Vidal	1	5
NewYork_CM	1	19
kellyslater	1	70
nateriggs	1	189
ski081	1	22
TraceySchroeder	1	24
ezadler	1	14
_EMF_	1	9
UsherRaymondIV	1	196
SharePoint	1	29
Othar_Lawrence	1	14
jesse_s_smith	1	20
damobang	1	74
EndoGoddess	1	139
un_dani	1	31
katjapresnal	1	68
brittrashelle	1	10
bohmzy	1	35
fusionexcelvn	1	11
tjreiser	1	15
REI	1	164
Mike_tompkins	1	11
girlunderatree	1	118
mlj577	1	25
LoveTheCool	1	65
amirz83	1	11
Christuhfurr	1	16
williambaobean	1	45
Only1Winsome	1	39
SethSklar	1	92
JaneNation	1	57
RrrrockinRobin	1	12
talljames	1	31
LaniVoivod	1	112
LoyalteyMaps	1	21
PhysiciansPR	1	23
Young_Vintage	1	24
southsayed	1	7
samdrvrn_	1	8
BrittanyGreer5	1	45
PaintedTurtleCA	1	4
gcthefundraiser	1	131
Spyeworks	1	11
MarBrex	1	7
aashvini	1	55
ScionBoo	1	20
idoroles	1	7
KZupp	1	13
pop_bottles	1	7
forcemm	1	14
CJ_Britton	1	41
yanuhardi	1	22
carlosfelipedc	1	28
NewYorkRedBulls	1	62
SwishDigital	1	138
troylogan	1	7
LouPlaia	1	33
MadisonMetaxas	1	1
katiefranzeo	1	30
chicagoval	1	4
sloane927	1	75
bieganski	1	45
dawnieslife	1	78
DavesOffice	1	20
Choberkehr	1	20
megan_foro	1	8
Brittany_Ann_	1	19
kmrobinson1	1	3
EvolutionFresh	1	43
67mele	1	12
EconDebates	1	18
suricatingo	1	13
mfcmag	1	2
Wil0520	1	1
neonplay	1	12
EhabAliBakhreba	1	1
tulisabel	1	3
drbatten	1	13
Antibride	1	59
datachick	1	50
maryforrest	1	16
gulsahsarpoglu	1	22
BillFrench2	1	2
whizhouse	1	30
rubenorozco	1	51
starp0pboy	1	2
zephoria	1	211
CamilleNS	1	5
timdifford	1	46
TriPointSports	1	49
icityinfo	1	36
brittsblurbs	1	38
segat1	1	40
hamburger	1	48
PCATTTweet	1	26
publiclybailey	1	16
MikeDrucker	1	60
SirPemberton	1	24
melanie1825	1	28
TeslaMotors	1	64
jacinthebosse	1	1
theBailout14	1	3
kevinrose	1	613
jeffreyhansler	1	25
janekwett	1	7
edgarprado	1	26
sarahbethrosa	1	76
drope_86	1	4
alicebrignani	1	24
DonnyFontaine	1	3
ethoz1970	1	13
AmyKocur	1	7
PredsNHL	1	35
jonathanJDdavis	1	9
ScoutsHonor	1	113
4sqSupport	1	217
tstitt	1	116
CMooreVerdad	1	22
TheNewSchool	1	54
SFLFoodie	1	12
krzimmer	1	112
tinypng	1	1
iancrocombe	1	58
benilfeld	1	13
30MinutesOrLess	1	11
SchneiderMarc	1	49
MTVstyle	1	101
temptinTAUREAN	1	46
caseylynnmms	1	25
SFMOMA	1	161
ObamAmerican48	1	43
Dealfatigue	1	26
kennychesney	1	83
kmessenpreis	1	24
JosephDickerson	1	6
IVANEPIC	1	4
cliffkuang	1	39
hardydelong	1	5
jsamuraiTP	1	10
joecritchley	1	4
mattdanzico	1	28
usopen	1	67
bien_mur	1	13
SlowFoodNYC	1	21
StevenBickers	1	44
TheSpotOffMain	1	18
chrissanders23	1	6
DougH	1	249
DominicAmenta	1	43
TyDowning	1	90
NewYorker	1	494
clubatlantico	1	38
LillyAnn	1	53
scienceesl	1	71
jeffrey_oliver	1	2
TorstenBeeck	1	34
brady	1	195
fishwony	1	2
Tg2012w	1	1
NeidyRocha2	1	2
ellisxpx	1	1
gmacch	1	13
graciesoriano	1	24
marketingm8	1	75
cwaxler	1	150
RunningEscapade	1	58
efedefelipe	1	23
Trish_Thibault	1	3
PenguinsUpdate	1	2
Dear_Lace	1	5
aspendecker	1	35
phonescooper	1	73
Deandreampx	1	3
emjieee	1	35
rohitbhargava	1	226
heyrosetta	1	8
annabridget	1	38
AmeemaAhmed	1	1
ALookTraining	1	19
JenMitlas	1	9
nico_lam	1	32
brit	1	194
MukawaM	1	7
Donniefranklin	1	39
JonahLupton	1	1258
FrommersTravel	1	241
Imercuryinfo	1	19
dwescott1	1	67
jumper_wannabe	1	13
kristen_mercier	1	156
CyndiMarton	1	4
curlycomedy	1	20
Shaun_White	1	279
harisamin	1	7
sissina_83	1	2
WendyLPC	1	29
timlindley	1	29
NearDisneyland	1	13
SarahAmandaBray	1	44
_jayylust	1	1
MehiganCo	1	20
AleWishe	1	31
globalchica	1	11
djmccaffery	1	27
damian_hunt	1	19
mslauraliu	1	37
NBCPolitics	1	45
Padres	1	41
MonsterEnergy	1	60
jillconyers	1	66
ISABELPLAZA1967	1	4
themorningfresh	1	23
scottmills09	1	3
Theory__	1	74
beckylong123	1	2
Tuiterardo	1	34
SimonTooley	1	19
christophoclese	1	7
Fionafyfy	1	2
heathernaut88	1	51
HamptonInn_KOP	1	29
JENUWINE	1	11
URJ	1	39
handslaps	1	16
HYUNDJUNG	1	1
HarvardHSPH	1	70
sumeet_jain	1	29
JunaidBostan	1	22
stevewoz	1	130
estarks02	1	44
IrockDENVER	1	6
MontefioreNews	1	20
KIRO7Seattle	1	169
mystanwood	1	1
WolfgangBuzz	1	52
FairCareMD	1	109
EricDet314	1	1
dablyputs	1	6
KFIAM640	1	28
johnnystorm0	1	6
LeilaLi39426164	1	13
karaph	1	5
Kamo_Mahlangu	1	8
Hasselbeck	1	67
amyeburton	1	5
TuiterRock	1	8
207415	1	41
Evertone111	1	17
wryanturner	1	81
Skype	1	103
BlushingBasics	1	3
geckofashions	1	5
PremiumFunny	1	6
RoyalRoads	1	20
ECUBetaDave	1	8
HannasHerbShop	1	7
shanoonkhalid	1	29
massimage	1	2
beaucoo	1	9
Shopping_Jim	1	42
HubHealth	1	17
andreadi80	1	8
Rick_Stein	1	24
HarrysSolos	1	24
thetapereader	1	75
OfficialTAZ	1	13
dezignus	1	1
choopes	1	32
JenniferErin11	1	43
NYNYVegas	1	84
Britrock	1	62
DeanBell_	1	4
BrittanyGJones	1	7
davidnam	1	5
LiveArtsFringe	1	22
JasonWitkes	1	30
calebelston	1	125
mindofandre	1	95
TJMediaGuy	1	9
ONESLYONE	1	46
ColourfulPalate	1	35
AmaBologna	1	17
ns0n	1	30
dogcalledphenix	1	3
Your_Bieber22	1	10
Mirage9988	1	2
victoriabowring	1	19
Siravo	1	11
jeremiah	1	51
dbvickery	1	102
PeterSGreenberg	1	160
halfbrown	1	91
nashvillesounds	1	22
DTRLiveWorkPlay	1	23
AstroN8	1	27
LivngRawByGrace	1	5
rhapsodyartist	1	15
Pistachio	1	551
dgrreen	1	63
furiouscabbage	1	8
pdxpinano	1	5
JeelSays	1	34
simple_songbird	1	31
bertrupp	1	22
maternova	1	30
brunobyington	1	7
emiliad	1	37
Yankees	1	106
adriarichards	1	112
Queen420Bitchez	1	4
El_Doctor88	1	30
TMobile	1	153
WorkIsntEasy	1	2
SFGate	1	80
usainbolt	1	96
EloysalazarPAP	1	1
_StephanieReid_	1	33
JessicaLake4	1	6
MazdaUSA	1	106
jayc4164	1	8
cassiethedoula	1	8
NASA	1	425
griner	1	99
ClaytonMorris	1	66
YellowhammerInn	1	16
zaibatsu	1	616
mlife	1	51
bryankramer	1	116
RickAlessandri	1	12
hnldriver	1	9
sunmoon311	1	1
sanzexer	1	2
CurtisOutain	1	14
D_DeGea	1	16
kjohnston5	1	16
likoh11	1	2
BreakingNews	1	789
HolmesPI	1	23
LAwonders	1	21
travelitalia	1	17
Activ8Social	1	42
jeremypalmer	1	33
katiecem	1	2
Shermanscorner	1	80
CathyIsReal	1	95
rubychow	1	14
glorialloyd	1	31
msjadeb	1	75
ohmaneel	1	138
AustininLA	1	34
CaliLewis	1	223
ThomasCrampton	1	53
jkricun24	1	21
inngroup1	1	12
ducttape	1	235
TajMahalMumbai	1	20
Simplify	1	104
ColbertReport	1	108
macgva	1	3
ldbadvertising	1	10
horzadevil	1	5
enricogualandi	1	51
hutchmo	1	26
pjkinsella	1	4
CountCory	1	53
FoxBusiness	1	59
melissagomez	1	24
brysonshellito	1	34
iamNHO	1	4
lgloco	1	4
paddynoeggs	1	14
SusiePollasky	1	42
united_jumper	1	53
MissyTitus	1	39
baltimoresun	1	81
Johanne1975	1	4
JarredAdkins1	1	1
HartvigLarsen	1	41
travisketchum	1	34
TLC	1	135
EcoLiving_	1	22
colodawn	1	21
WendyMonday	1	14
viperdayle	1	29
AmberEllen_	1	31
Team_Athlete	1	4
luca_guardamani	1	6
clarkhammond	1	18
james_easton	1	10
kd4wov	1	25
s_belhsen	1	11
LeolaBell	1	7
MarshaCollier	1	345
Qwiqq	1	25
HersPerfect	1	5
dbearhunley	1	11
imrhysmorgan	1	5
AudrenMaugars	1	14
reinventingcole	1	35
theRadRyan	1	7
rickmurray	1	131
jerseygrl	1	147
Razabegg	1	28
TheChiappas	1	13
SoulbyLudacris	1	26
IsolaMutui	1	2
KHolze	1	6
prsarahevans	1	548
Topguest	1	502
edmullen	1	24
TrishaMahoney	1	4
MichaelForni	1	21
GradyLocklear	1	22
michaelvinson	1	80
nickpgreenfield	1	8
TheAchie94	1	46
RobertGaines	1	31
cheesemonger	1	18
JusticeMitchell	1	114
razvanphoto	1	3
cheepono	1	28
McD_Detroit	1	5
4sqmobile	1	20
jayfenster	1	29
shawnwestfall	1	18
scootklein	1	35
davemorin	1	332
C_Devis	1	5
SeattleWorks	1	65
FWLab	1	12
manuelNavarrete	1	25
kellypurkey	1	19
AustralianOpen	1	14
mindofrob	1	19
amalfarhat	1	4
EusZeus	1	2
slkeene	1	60
baratunde	1	428
OnlyEXO	1	3
hillyu2008	1	3
JPick528	1	14
wintacoma	1	20
nulladipiu	1	9
SEMASHOW	1	19
DvinMsM	1	298
Freeskier	1	44
GoddardMike	1	35
BurhanJardine	1	25
PhilGerb	1	155
millerse1	1	4
OmarACM1899	1	9
BrooklynBrewery	1	122
ChrisWallace101	1	15
JuiceRoyal	1	11
alexandrapool	1	20
dailycandy	1	423
AcquaDigitale	1	21
TodKilgore	1	136
_Courtney_Erin	1	7
Skiingmag	1	34
wishandwhimsy	1	60
Sam_Rodriguez_R	1	14
LinaEgutkina	1	148
BAHjournalist	1	105
gregarious	1	105
Ranieridjguache	1	1
USNavy	1	61
brandy_johns	1	74
AdrianHummel	1	33
adcunningham	1	43
Emeril	1	152
23Edward89	1	61
kg	1	115
pitch_invasion	1	9
kk	1	97
jimangel2	1	5
Ridwan_M_M	1	4
TheBigDebowski	1	245
KylaApplegate	1	14
JBomm28	1	10
JoanneRighetti	1	15
TheDailyShow	1	318
phvegas	1	173
CrashOverride_	1	12
jtw90210	1	2
Ogagrich	1	12
kajdax	1	5
kateatoyw	1	13
CheezeWit	1	39
discoverLA	1	93
liverpoolaustin	1	23
bripena	1	14
Melebear	1	13
Genevievex3	1	11
Tobby_2010	1	3
VictoriasSecret	1	168
TurkishAirlines	1	36
your_team	1	16
VinealVixen	1	14
FlSHTACOS	1	6
TheJbombs	1	2
thirtytweets	1	10
patrickryan	1	59
CreateJS	1	3
baranek	1	12
GourmetLive	1	84
SnellExperts	1	32
ingridcamacho	1	69
RollingStone	1	340
waylonn9	1	3
BralkerOaks	1	13
macgregorkay	1	40
JaumeSanchez	1	4
Ricoismmm	1	50
THEMFACTOR13	1	32
TotalBottomJock	1	15
JessicaM7111	1	6
xeniegirl	1	4
FancyRealEstate	1	10
Castellare9	1	12
freelilly	1	37
clarabella_wu	1	17
Panda_Austen	1	15
DigitalTourBus	1	95
IgiFischer	1	117
patdocmurphy	1	4
MrFrangu	1	5
Arylist	1	4
MarthaStewart	1	376
romefort	1	47
ObserverDallas	1	90
curlyjazz	1	142
HolgerSchmidt	1	18
runpretty	1	96
ConArtistt	1	1
saraenewell	1	36
4sqaddictinfo	1	70
MissMollyDR	1	78
NoLabelsOrg	1	79
KaileeCrawford	1	41
LoveableLion	1	41
Reachli_	1	86
TSParnell	1	21
RichardChasse	1	10
DanielDreier	1	4
jsullivanj	1	3
carlamcgov	1	52
A_Buchanan	1	63
katehudson1017	1	106
KarinBoode	1	82
Angela_Ayala	1	4
CEspo916	1	114
DJAIDEN	1	5
DoBCx	1	23
Sh4dowfox007	1	2
BuckDaddy	1	60
DougHaugen	1	8
JessicaNorthey	1	407
MaMay2	1	1
NatashaRessen	1	29
yayfiona	1	67
SixFlags	1	78
TinaMarabito	1	18
KoJaKitchen	1	20
kegill	1	106
outdoordivas	1	65
LaInsomnia	1	17
elspethjane	1	93
PerryEllis	1	47
hottweils	1	4
Jumperchick11	1	6
yasminsewell	1	17
tiffanyk	1	19
bsgillis	1	14
Upworthy	1	88
ginacatto	1	12
Knight3k	1	5
NickyDigital	1	28
cnnbrk	1	1079
ZachACole	1	139
Deidrerosec	1	10
mejia188	1	2
destroytoday	1	19
jtrotmanjr	1	23
Socialapp4u	1	8
samwirah	1	3
MrsPage23	1	11
eringriffith	1	105
jamz016	1	6
mwilliford	1	1
HofstraU	1	12
TeenVogue	1	212
CorrynF	1	11
Jus1Nyt	1	3
Ementesatta	1	5
Shananagains505	1	8
Separd	1	6
DamianoDeMonte	1	79
samusb	1	27
huertamd	1	14
katyjack	1	12
Sony	1	101
QBryner	1	46
KeithArsenault	1	57
PhillyRules88	1	16
waterwang3	1	4
CyberDZynes	1	11
tristan	1	47
Marianatete1	1	5
kymnasium	1	67
giuliog	1	44
NickeySkarstad	1	6
franzosalla	1	4
baxeichito	1	7
GeoPollster	1	11
HaykalBboy	1	11
explorechicago	1	2
Lyndsey1226	1	7
jsmith6266	1	10
pepsi	1	254
timoreilly	1	489
antoniobrasko	1	5
larry84bln	1	6
cdmoye	1	7
misswetapatel	1	12
Dakinikat	1	16
cabrerajaimee	1	35
fosterthinking	1	118
finderic	1	6
fsuaga	1	2
Joann0173	1	8
mcrenshawATL	1	43
erichehlert	1	2
Anna_Fitz	1	31
OCWeeklyStreet	1	49
MetroFocus	1	35
paulbarron	1	360
FoursquareITA	1	35
Baiamonte1971	1	1
BeOurGuestMike	1	28
nancytoby	1	7
MartiniOlives	1	29
joemfbrown	1	45
andreadilieto	1	40
comedianwillc	1	75
missde8orah	1	12
diegoureyes	1	24
ShaunaCausey	1	426
tylergould	1	6
lazarusross	1	49
HollowayAmber	1	3
spencerrascoff	1	39
JC_Garrido	1	9
elizabethglau	1	88
GregoryCop	1	34
Modelinia	1	127
BJ_Emerson	1	127
EvaMPaez	1	32
NYCsidewalker	1	92
AliceDubin	1	17
Jenjenre	1	1
noaheverett	1	512
NYCFormika	1	8
VB_FunnyBone	1	5
jrhunt	1	29
mcdanielsara	1	44
GDeLaurentiis	1	232
staciasellshome	1	42
TamaraLMS	1	3
quiethandfilms	1	15
VBoxOffice	1	25
ThurstonChamber	1	7
ienner	1	9
nickjukowski	1	9
4sqCities	1	40
Foodimentary101	1	62
dcunited	1	27
jasonfried	1	245
jon_peachey	1	24
TracyStewart17	1	31
Queensland	1	61
BrokenTreeDist	1	20
annabloom	1	41
Namecheap	1	74
AlexJamesFitz	1	115
Pica_Flower	1	2
KISStheBOY	1	5
8bitkid	1	17
isaactolpin	1	57
0joehand	1	22
Rahul_90	1	6
Princeton	1	27
gumilar_r18	1	2
tron369	1	10
thevakko	1	15
NanaNepo	1	25
calicobasin	1	13
HotelMarkNews	1	27
MissAlexjones	1	5
Pablo_Donoso	1	15
mothercareuk	1	12
Jose_rehbein	1	69
thedesignerfund	1	19
juanmagr94	1	1
saladin010	1	1
SimoneJordan	1	22
ManicureAddict	1	12
ay_cee	1	2
arren16	1	1
premierguideme	1	42
BBHNewYork	1	46
omarmorel	1	6
Spyeglass	1	14
artocalypse	1	12
ctcfit	1	56
bradcbarker	1	83
rcrdlbl	1	51
juliadimon	1	185
_Maria_Mariaaa	1	23
LilJeffieJeff	1	6
CaptCruz	1	43
akifmalik	1	105
jaldous	1	62
Randipandee	1	4
MichelleAtHeart	1	3
AngellBabbyy	1	2
jeanniecw	1	162
MommaMarie824	1	4
TheAcesAnd8s	1	5
iloveluchoA	1	17
SketchcampSD	1	8
suluhteplok	1	10
TemptingAlice	1	50
jhski	1	110
206andrew	1	49
toddkharding	1	4
mL_Eight	1	18
cma519	1	3
WSJ	1	714
noricat	1	6
retsel09luke	1	10
joshuaschwimmer	1	43
craighepburn	1	96
BarbaraMcNeely	1	1
Razorfish	1	189
roymaulana6	1	1
elcaex	1	9
rockingcomedy	1	41
tomlawton	1	14
briansolis	1	518
msoltanifar	1	27
alexisohanian	1	222
makmakdaddy	1	28
NYULocal	1	11
NBAF	1	21
donawelcome	1	7
HeatherrGlass	1	27
DJLadyLola	1	6
AmbushUrComp	1	27
iteratetv	1	3
ShanesAfool	1	6
yejnes	1	5
Bniddys	1	5
BarackObama	1	1725
nhonpt	1	8
pchuted	1	7
lindalopez	1	33
GOOD	1	378
FitnessMagazine	1	176
LeataMae	1	2
michaelbmoore	1	113
MarioMacca	1	12
Joelalvarado	1	39
DarthInsight	1	2
RalphPaglia	1	36
AndLanna	1	3
NewsMeBack	1	29
GeneShiau	1	9
bradfordb	1	2
merrybubbles	1	123
craignewmark	1	305
BAOFoodandDrink	1	15
Bible_Time	1	22
Mz_faint	1	3
sagebrennan	1	100
Pwisitpecharwut	1	14
JamieLeeCrum	1	16
GillianILVLA	1	49
Travopia	1	25
lululemon	1	299
sacca	1	419
dr_alkhatib88	1	8
jumperibukota	1	8
nakedcitylv	1	14
kurtyaeger	1	12
FraSarci	1	2
htpotter	1	81
MDMonseau	1	56
chefdarin	1	3
_aldickson	1	49
Jaimarie13	1	93
jayadrathsingh	1	9
ticklishconcept	1	45
1D_ZaynOnlyGirl	1	39
Car705C	1	1
StarlaSaltus161	1	27
LalehFarrah	1	71
jennifered	1	199
TheRealEpison	1	10
iFreak77	1	12
Dreamingforevah	1	11
FabboFabb	1	15
Jonathan360	1	305
eattoblog	1	20
DamianWunderluv	1	9
MattAnnerino	1	24
ChromePlaza	1	13
BeautyJudyBlog	1	36
jazamina	1	12
MikeAdamsPhotog	1	75
KRobBMX	1	12
KateSpeer24	1	36
mr_joshhern	1	35
manikarthik	1	56
yungskeeter	1	62
frappuccino	1	31
EmilyM7707	1	6
marta_loc	1	3
la_valuccia	1	3
fab34	1	8
CrainsChicago	1	84
jayzombie	1	70
phuonganhvu	1	4
murrell76	1	56
Rob_Crowe	1	3
Rickys_NYC	1	47
DigitalRoyalty	1	37
heymosaic	1	18
falp_98	1	46
blabbermouthaz	1	26
ChiefKoboei	1	18
Godly_Life	1	15
DanieIRadcIiffe	1	13
ualstewdc	1	5
mtomasetti	1	13
PingusEnglishIT	1	5
NathanPdub	1	6
jonatha23436359	1	2
migs5150	1	5
SneakyMonster	1	33
NBCTheVoice	1	123
habloseo	1	4
Cali_Baddie	1	25
thedrakehotel	1	43
AprilBloomfield	1	29
CommitmentDay	1	11
MCHammer	1	507
gray_knowlton	1	13
EmpowerNet1	1	40
innab	1	44
AdoptInTX	1	16
biz	1	613
ciup1	1	5
udovetter	1	20
liscallelura	1	7
MyPhillyAlive	1	46
pedrotp	1	122
kimhollenshead	1	85
SinCitySnitch	1	17
mayfairtheatre	1	9
docspur	1	3
iamglennmiller	1	30
LouisVuitton	1	75
nelbeenews	1	15
franmcnally	1	11
aprilknunchucks	1	11
NoniHuber	1	50
MLKtoSCL	1	27
Oscarkamacho	1	6
SpyeBoss	1	10
ussoccer	1	106
HotBarChick	1	7
DanaMTedesco	1	31
ChiHealthTech	1	8
colinglenn	1	21
MichaelKors	1	213
tippyd	1	7
CaataaSalazar	1	18
kathleen_khan	1	8
rominanoemie	1	21
o0hys0o	1	2
Hollywoodbaker	1	19
JiffyLu	1	55
DaveyJustice	1	27
redbullracing	1	60
Megan_Calimbas	1	35
HajjFlemings	1	212
NikiBarrPhD	1	18
makeupartist524	1	19
eyeonannapolis	1	44
isbitirenc	1	49
DeemCEO	1	19
ErikWZ	1	4
jeffdachis	1	96
rachelslaff	1	96
whosthekoss	1	28
Wingless92	1	9
TranspacFinance	1	6
alejandrahill	1	27
flyboytroyatl	1	17
Dubohsix	1	19
SFGiants	1	126
rebexxxa	1	11
TedCurtin	1	83
kellishives	1	37
TheTarosophist	1	38
suckaplease	1	51
rowiro	1	83
viktoriabk	1	24
NimrodOrellana	1	12
Brett	1	224
LeClairDave	1	50
badanalog	1	17
neimanmarcus	1	91
Tennessean	1	45
XpatoX	1	31
BonniePfiester	1	155
CineMundoChile	1	11
WeHeartHawaii	1	71
JanetMbugua	1	13
DaniGem87	1	7
lucyssanchez	1	34
C_M_Howard	1	23
sexymommy2009	1	90
poofleia	1	49
nisaparis	1	4
TheRobbie22	1	30
MedicalQuack	1	55
Vemma	1	10
isabellatimothy	1	3
Seranatos	1	38
kisunglee	1	1
katfell1	1	15
mcomeslast	1	14
Mar1eLLaS	1	18
ChangeANC	1	10
Peli_	1	1
MusaTariq	1	135
SkylightConcept	1	5
PGomezJr	1	22
GiulyGinevraB	1	4
ny007ny	1	40
NiallOfficial	1	93
untappd	1	97
CarmelaMaine	1	33
DirtyGrlRunning	1	15
isval75	1	3
LTizzle3	1	75
nguoihoian	1	15
mayerreich	1	22
MyStargazerLily	1	18
TopWineNews	1	167
PaulWcislo	1	27
iVillage	1	109
GoRatchet	1	10
GreggWSoucie	1	16
kosame06	1	37
LPirro	1	6
hetianye	1	15
JacquelinaDeM	1	14
JAYDED_DREAMS	1	14
HARDROCK	1	120
LakeTravisAgent	1	13
ShawnFitness	1	9
lrappazzo	1	3
Israadiputra	1	7
tommystearns	1	42
BoundaryBay	1	19
NYC_Nightlife	1	1
j_nb	1	44
jx_ng	1	8
alliemo88	1	5
nydailynews	1	325
tttunafish	1	4
yowelharahap73	1	11
gaetkoguy	1	2
PointsEnvy	1	27
selormofori	1	31
angelaecarder	1	63
boediriansyah	1	50
psipame	1	6
aorshan	1	46
Scott_Guay	1	3
Bayan_91	1	1
artworkshop	1	46
MichiganGoBlue	1	1
VEGAScom	1	109
CatsCalls	1	2
hotelinsight	1	28
Lannoglia	1	7
iTalentzxSODMG	1	45
PiscesAreUs	1	24
BarryLG58	1	2
ChristineLRM	1	6
HiltonSeattle	1	49
AmblerPatch	1	38
wearefrends	1	22
Mikep1970	1	6
good4lifeshop	1	68
DerrickMinor	1	10
Logicotarado	1	8
SIRIliciously	1	38
_EFTI	1	2
Cibando	1	11
SiWa90	1	8
PhilaUnion	1	47
RickGriffin	1	212
meorimran	1	2
zachward	1	72
CoryBooker	1	363
JeromeShaw	1	107
paulasauls	1	1
l4g0s	1	8
RandyCantrell	1	20
lauren_m_porter	1	51
Jessica_Amazy	1	31
teach42	1	16
jimgrayonline	1	128
tony_at_2ntense	1	4
dinots11	1	2
Joe_Bauer	1	62
CatchCarri	1	38
Koelbel	1	7
lucascardullo	1	4
Wanawin	1	23
universoul1	1	21
martinprice	1	59
kristidavis6	1	4
broadcrawford	1	36
plawler	1	14
garrettPS	1	5
JoseCarlosNeira	1	4
S_Zangrilli	1	28
Sunsh9s	1	7
Quackarazzi	1	30
99_100thMonkeys	1	74
SelinaM_	1	11
lcunningham8332	1	40
GNCLiveWell	1	83
STARANDDRAMA	1	23
Bernadettmatass	1	20
whitneymeers	1	12
zinan76	1	3
sanjaymauryaseo	1	8
DagabiCucina	1	24
EnderSumer35	1	1
tapedeck	1	8
GlenGilmore	1	449
stbox	1	5
mcurtis808	1	40
camronmitchell	1	13
SNangabo	1	3
MercuryX	1	18
aljay_aldas	1	14
leighton78	1	15
Tate	1	107
Ki7roy	1	12
PTSNV	1	2
kikayegarcia	1	6
EDsTransport	1	1
seibways	1	28
an_immigrant	1	3
BMWGuggLab	1	62
MBCharlotte	1	17
Raay19	1	1
sherryfetzer	1	99
OscarThiers	1	9
Iconic88	1	298
bellahairxten	1	38
mikekarnj	1	73
XoxoAnna1	1	3
SportsAuthority	1	49
Nigella_Lawson	1	55
JRSharpsMan	1	6
RachelTBue	1	23
stevehall	1	114
studio1126	1	6
TeamUbungo	1	2
ebuzzedge	1	175
cuchullainn	1	29
hquang91	1	12
terenceyap02	1	18
VilleH90	1	18
TwitterOSS	1	16
LogoTV	1	106
PremierGroupHI	1	115
DJSweeps	1	1
brookecornish	1	6
ElliotJ651	1	8
chadmeighan	1	2
Stanford	1	80
eFyeahROYD	1	14
VABeloved	1	7
dalehipsh	1	64
jimprosser	1	68
MelissaOnline	1	222
serenabianchi	1	26
CaptainandClark	1	29
ambassadorbruny	1	50
OxfamAustralia	1	14
waynesutton	1	512
Dermdoc	1	64
Croquevielle	1	18
KevinJo85967977	1	3
itsAlvin	1	18
BlissByGlam	1	45
henryakuza	1	64
mfield	1	1
bmarr	1	48
artinfodotcom	1	69
obrien	1	164
MGHTYDX	1	25
redfraggle	1	14
threadless	1	366
SethMalcolm	1	7
VH1	1	290
Ravyn_Art	1	6
iowastyle	1	48
HeritageAuction	1	43
1027KIISFM	1	122
beenishm23	1	11
jeannemariepics	1	75
HeatherLeson	1	73
CTbartab	1	6
customink	1	18
kdub82	1	7
USATODAY	1	261
RichardJWood	1	179
FifiWex	1	23
mattbuchanan	1	53
karmacoma77	1	17
seq23	1	34
MyTunez	1	168
WestwordStreet	1	38
cynthia	1	48
SEOmoz	1	152
mydeco	1	15
askamantoo	1	59
TheWhyteNinja	1	59
UnOeNeSsUnO	1	4
Manhunt	1	46
CaitPlusAte	1	147
CindyKing	1	185
VibrantFlair	1	19
jbdstx	1	16
jentstl	1	30
stuartcooper40	1	14
PriscilaaMatoss	1	4
NancyOrganizes	1	35
kelleyfogle	1	23
_Vorey_	1	21
alphasigs	1	6
danielleguizio	1	14
CabotRD	1	35
YerickoNyerere	1	13
loxly	1	29
WilliamBeutler	1	32
IFCtv	1	88
AndresaGueiros	1	1
AdrienMaxx	1	16
rstacruz	1	4
DebraMacki	1	20
MichaelaMcGrady	1	13
Maneeeka	1	9
LilianGarcia	1	14
jefholm	1	40
dasCarrotop	1	22
TIFF_NET	1	33
RyanSeacrest	1	558
def1ant1	1	65
socialkaty	1	244
SenorMacaroni	1	8
VillanovaU	1	9
bridgetzig	1	27
Nick_Avedesian	1	44
TIKAAYUADINDA	1	7
SavageQue	1	4
stales	1	117
KeVitaDrinks	1	34
lizmacload	1	17
BrianCrouch	1	170
sanfran1975	1	22
thomastowell	1	41
kassidyv	1	5
gau1412	1	5
doritosuk	1	3
FourJandals	1	56
arifuchs	1	39
143tanesha	1	12
RadioShack	1	99
koutyaumeshu	1	1
LearnToPreserve	1	35
jnjoiner	1	31
Massander	1	15
jodybossert	1	23
KellyEMiles	1	8
JimmyTrieu	1	13
_CICC	1	37
adamostrow	1	260
AndreaTosatoM	1	4
atrapalo	1	31
BloombergView	1	39
sarahakbarifard	1	14
HambySanDiego	1	17
0mkarr	1	9
JasonLong2093	1	8
adamsmm28	1	6
mzuvella	1	29
steveGOgreen	1	228
OhYeah_Her	1	52
TheEconomist	1	487
shannonkin	1	73
Ibzbartenders	1	1
joshkersey	1	19
SEASurgzEvents	1	37
JanuarySeraph	1	35
brendankeegan	1	9
TeamCoco	1	212
AncientPeaks	1	11
achyagility	1	14
wallpapermag	1	163
docMacaSTAT	1	93
rachelrubes	1	22
CollCallahan	1	10
Yuffie1972	1	70
jendee41	1	19
perausa	1	1
nconfa	1	4
Gothamist	1	166
debra11	1	95
LifeSpanFitness	1	73
KristerDunn	1	7
gonzaloluengo	1	23
MamaBritt	1	363
HalBoard	1	32
bzamacona	1	7
NiamhHughes	1	63
PaulAvarali	1	40
NickSoFlyy	1	16
KipnisStudios	1	66
AureliaGroup	1	120
Javieeeer	1	28
Nataly_Faith	1	2
FoursquareIT	1	78
KenziesXxXWorld	1	11
RoBByFR2_277	1	7
chrisirmo	1	55
jordanorelli	1	27
xtremem	1	4
paediatrix	1	15
BetaKit	1	165
datmxdgrl	1	6
visitPA	1	100
Thedivasmommy	1	8
DanDotLewis	1	41
SlackerRadio	1	124
Dean_mcclumpha	1	15
draku_pj	1	11
TJKot	1	2
Esquiremag	1	250
unmarketing	1	462
_OCAB_	1	4
MarsCuriosity	1	365
m4rl0w	1	11
ishshahdm	1	29
Kuhn	1	162
tarasuan	1	24
SwitchflyInc	1	11
AmayaRayon	1	5
marco_demerling	1	10
Ignacio__DS	1	36
kevinmarks	1	137
desandro	1	24
healthyfitme10	1	16
ChasinCaroline	1	37
pnlamandre	1	6
micah	1	162
MouseAdventure	1	1
neversayhecant	1	27
sborg89	1	15
ckrewson	1	50
amerhica	1	6
davatron5000	1	26
Social_Citizen	1	85
thefader	1	110
lilaayylove	1	7
shellyweitz	1	12
mdjerome	1	8
_paulaespindola	1	2
ddlovato	1	219
dolcegabbana	1	99
DarkDragonAdal	1	59
VBrown	1	85
Louis_Tomlinson	1	70
MattWRomero	1	13
iamschwei	1	17
jtucker65	1	66
firefox	1	239
toddjolmstead	1	48
AusFollowteam	1	32
_Mynxie	1	25
danielha	1	68
FoxNews	1	271
NYC_DOT	1	43
billyfranks	1	20
indyfitseniors	1	14
louiebaur	1	149
mliimatta	1	35
m_gilles	1	20
i_am_camus	1	4
MahmoudJuma	1	36
CNTraveler	1	331
thedailymeal	1	111
BrooklynFitChik	1	139
Davenbaxter	1	2
aldolimone	1	7
tedvalentin	1	25
InstantLoyalty	1	39
Brisk	1	26
JeniceMarie	1	19
GladstoneHotel	1	41
smr_de	1	10
Eloqua	1	171
NYMag	1	294
medmike	1	46
doricesa	1	11
BG1O2	1	6
jimukies	1	11
mdimarx	1	12
djtimdogg418	1	8
IDENTICALEYE	1	14
AndrewGrill	1	97
GenePark	1	64
icthos	1	22
jeffrey3063	1	4
htsuka	1	42
Dus1O	1	11
Atijunacle	1	8
NatalieAFleming	1	19
michelledozois	1	37
NoelMcDermott	1	14
lisafaulkner1	1	21
DreamEights	1	2
raylovett	1	50
bemjoiner	1	18
john_frankel	1	72
Laceydeluca88	1	2
nypl	1	84
amsd22	1	12
ckundo	1	18
WellandGoodNYC	1	69
JoyceMSullivan	1	89
AskMen	1	272
AyO_Miisz_CALii	1	20
SMReach	1	103
AnastasiaBaker	1	7
CalEvans	1	15
Meyersmt	1	6
brandonbrown	1	6
randyyim206	1	25
dougburos	1	17
RayWJ	1	77
RicoleRuns	1	35
CatDee1212	1	6
HeyMemoirs	1	14
AzaelLJr	1	3
carefreevegas	1	14
scriptilabs	1	2
AndresRodr	1	18
fatirs	1	38
aaronaccetta	1	1
philtoronto	1	79
MACKTASTICA	1	34
brunasororo	1	1
danceking	1	1
SarahDeThomasis	1	121
DavidWaid	1	5
chefSLarocca	1	51
rosshobbie	1	17
SRShearer	1	15
Ozwaldinho	1	6
KevinGMann	1	6
Escirculares	1	2
osum	1	56
iSonnyDiaz	1	102
amyacenolan	1	6
FunRentals	1	23
slim	1	15
fastenos	1	21
AleBertaiola	1	3
bsnyderII	1	52
dsmith124	1	42
billdevine	1	18
Ferboo1	1	46
clatko	1	243
melissajwalker	1	54
diegoaantoniio	1	16
AngeloMolinari	1	16
courtenaybird	1	165
puccetto	1	14
kingoshea2000	1	1
errrmygod	1	5
howdoyoupromo	1	45
lcpteck	1	4
healthyhappier	1	80
NHL	1	123
mavraganis	1	9
whisenhunt	1	21
akaashsaini	1	28
NeonVacation	1	19
bigunclejefe	1	8
Tombolo_Health	1	15
kshanew	1	7
PlatoonFitness	1	2
RanocchiaVerde	1	1
mburnsws	1	8
Wetextdog	1	8
allpeim	1	55
omaflinger	1	34
laurably	1	86
ABC	1	295
CarriBugbee	1	161
katruns26point2	1	65
connors	1	25
treyjustice	1	2
sohereweare	1	17
darqlabs	1	11
kenbannon	1	3
DiegoBedonni	1	28
stewartsm1	1	1
itscornell	1	6
EllieGonsalves	1	30
ChaseClark	1	32
EJEspejo	1	5
AyTanzania	1	9
eastlondonbus	1	38
manvmachine	1	14
sonnyvu	1	8
ANetworking	1	46
jonmarkgo	1	150
bing	1	271
alankwtam	1	12
prinet2000	1	36
dmscott	1	221
Number10gov	1	236
gingerbreadgal	1	20
BMarshall	1	17
iAnkitaSaxena	1	9
chevrolet	1	142
ONECampaign	1	170
_xV	1	71
VeryFuckingRare	1	18
EverywhereTrip	1	166
alizachana	1	24
FaaSalgado	1	22
GOPDevolving	1	57
PapaOculus	1	2
graysee_	1	4
KipDurney	1	102
DigitalAscent	1	11
umtbyrk	1	3
ClubSched	1	109
dberkowitz	1	222
AListDFW	1	5
macklemore	1	84
fra_ludovici	1	9
ginger_io	1	23
sanjayjb87	1	10
ah_ree	1	2
AlexLodhi	1	2
djacobs	1	24
KatieLeeKitchen	1	48
deaconbluue	1	52
JackDep	1	29
follow__laflare	1	14
juddminter	1	2
IYWKeyWest	1	22
cathbot	1	5
AnsonF	1	43
chungchin	1	18
thadx7	1	8
matias_carrozzi	1	25
the1farrahuknow	1	13
FroggyFitz	1	29
OscarPRGirl	1	124
felix_molina	1	18
tripbadger	1	30
UribeAranda	1	35
samshank	1	33
dSchrane	1	78
MyHeritage	1	36
KelseyTailor	1	4
mebuell	1	53
michaelrburcham	1	53
BlueGoblin	1	5
KevinRZuber	1	22
KenyaSwimmer	1	6
katpenwell	1	48
DevinM88	1	3
borjessonjonas	1	9
ziondoxology	1	81
VirginAmerica	1	602
alexissunshine	1	55
chiume	1	39
Alex_Elite	1	1
LanaDelReyChile	1	11
cocomoco	1	83
thedreamincome	1	7
LauraLynnSings	1	9
danistahl	1	81
bryanseq	1	7
kfahud	1	38
JerDMDJ	1	72
annev6	1	5
JulenReal	1	2
krystalwoman	1	19
MiriamTorrente	1	50
phitcomedy	1	25
Officer2082	1	27
goldmalish	1	8
Cal_Lives	1	33
davidhitt	1	7
jacecooke	1	8
guskenworthy	1	14
ClintonTweet	1	78
shearerpainting	1	2
Yogudemora	1	15
FLUDZA	1	32
TFLN	1	326
thejam984	1	18
mrf556	1	1
incslinger	1	185
GOPconvention	1	40
tlsylvan	1	39
snyderwriter	1	20
elementicreativ	1	26
jenn2590	1	75
AlexeyGorin	1	1
ComedyCentral	1	161
iamadj74	1	23
SullivanComms	1	15
aplusk	1	838
KristenSkiMom	1	30
mjtski	1	10
prepkidlv	1	7
anniechang8877g	1	360
sarah_eldred	1	25
Nerdboy__	1	7
naveen	1	272
curiousjosh	1	55
CamilaaTorres	1	7
TopChauffeur	1	55
vermellem	1	21
clydecarson	1	9
Barbaccio	1	4
Richard_Florida	1	130
carrylmacleod	1	2
LAWeeklyStreet	1	121
carolmusyoka	1	12
Gigi_Peterkin	1	52
PhilippeEmond	1	11
DerekTheler	1	4
dustinjo	1	13
petershankman	1	316
_MaSaLLL_	1	21
vitaminwater_ca	1	38
PNWNetworking	1	15
ndv09	1	55
heapsofhandbags	1	4
JoyceMeyer	1	135
bmehciz	1	15
jimmyeatworld	1	162
ClioKnowles	1	19
twatson	1	24
PDXGeekCouncil	1	1
TimCarrLA	1	52
LaurenMoffatt	1	10
vintageandmoore	1	68
VisionMediaMktg	1	14
MarathonGary	1	18
Power_Breakfast	1	8
mausumi03	1	23
irvinebluebird	1	5
_dom	1	6
wetangula_moses	1	8
Joeluong	1	3
984inthemorning	1	26
TheTorySmith	1	9
justaudrey	1	10
iamHoraceKnight	1	14
BoldFreshJew	1	11
trikell27	1	18
PaulaAnnNicol	1	23
copano	1	67
Chupacaubrey	1	11
KoelnFormat	1	44
UDevSocial	1	123
GuiaRepsol	1	5
albafica23	1	16
jvivij	1	4
diphen	1	8
patrickallmond	1	85
brandontnelson	1	74
c_banman	1	16
TheMirageLV	1	157
jamesraxtell	1	37
Carmenino	1	3
drewgallo	1	38
emilyolson	1	91
TheKatzMeowww	1	1
sandypanther	1	22
JetSetJamesy	1	34
ryanhealy	1	24
mygdal	1	24
gmwdesign	1	42
SonicOnAir	1	54
ilyasu	1	24
mkarolian	1	35
martinasaucy	1	2
slangeditorial	1	24
vstonevibes	1	51
VacinCagnur	1	10
4SqID	1	20
SupercrossLIVE	1	18
StevePfiester	1	54
chrisgtaylor	1	181
dc_design_print	1	5
JuliaAllison	1	125
monique_meneses	1	4
Sargenaldo	1	7
Victorzinhow	1	4
azfamily	1	102
Bryce1984	1	34
chanel5essence	1	48
AnnaDalmartello	1	29
ASU	1	73
jasonhowell	1	41
gumbonyc	1	10
LalitBhojwani	1	128
Johngcole	1	23
knga	1	23
RyanLewis	1	19
dmirandacuneo	1	4
MichelleObama	1	360
Schmamber80	1	38
AirShopGun	1	7
yousefsrouji	1	4
cheflayla	1	33
BradleyStyleNYC	1	16
fakedaveharvey	1	9
FILLitORSPILLit	1	10
magnolfi	1	87
LILINTERNET	1	19
ivanxs_100pre	1	15
MasondoSasah	1	3
yeezybabyy_	1	13
Roofing_Pitt	1	4
porterairlines	1	57
guidodaleno	1	7
smcornelius	1	2
OneHundredDates	1	4
IsabellaLeggs	1	11
CasaDeRafa	1	5
zero6s1d9	1	3
annagiuliag	1	8
BaberKathleen	1	7
1CharlesH	1	27
FamilyOnABudget	1	35
MikeAcosta2	1	4
parislemon	1	361
Brwn_Bom4	1	12
CoachRichard3	1	16
AutoffCapelli	1	8
andreasnippets	1	26
kenneth_alan	1	1
2woofy	1	26
peeweeherman	1	266
Ineh_Angel	1	17
MatthewLiberty	1	211
SvenGiebler	1	15
youlistic	1	12
KristaAshton	1	15
CHANdraGO	1	15
baeyee	1	26
teegause	1	2
MsHoltz	1	10
Sorce_Money	1	3
tonyrobots	1	20
MusicCityTaxi	1	24
richgor	1	25
Daroff	1	95
Diky_Sanjaya	1	22
B_O_B_B_Y	1	15
Housesitter	1	3
smangaraj	1	24
sethbrownnn	1	1
RobTomasHawaii	1	73
hashtags	1	330
mammaeconomia	1	14
elliejrogers	1	8
travelchannel	1	270
aliciasf	1	23
NicolasWarren	1	22
tessa	1	57
SocialAndy	1	37
jlgarde	1	8
jessibaker	1	15
lkaaria	1	16
CharlesDubois	1	14
Stepintomyshoes	1	30
charitybuzz	1	193
NatxoCastro	1	9
beterhans	1	18
carlyrachael	1	82
TaraStiles	1	80
oomyitskaren	1	2
Bytemarks	1	131
italyunique	1	16
MagJ	1	1
TheFitties	1	2
MoniqueMontague	1	4
gleannignacio	1	11
alexignatiyev	1	32
MartinGarza	1	43
Mike36994921	1	19
paulogarcia	1	16
ArnoldMaroud	1	7
rothsx	1	2
MladyKreativec	1	7
NorthStarBar	1	38
lukeslytalker	1	25
dazzophoto	1	15
LayerVault	1	9
chocosparks21k	1	12
Clonek	1	3
LilTunechi_	1	8
nytimes	1	1072
SPOILEDMONROE	1	9
FlyerFan34	1	7
LeoTwit	1	27
DowntownNYC	1	65
jonlandrum	1	2
techguy	1	115
ChristianGAdams	1	130
Barnesspeaks	1	9
PapercutsByJoe	1	11
hmason	1	108
theycallmeTREE	1	3
sg_panda	1	9
iheartwellness	1	41
isaer_oisis	1	15
generalelectric	1	125
bitachu	1	43
petercashen	1	6
Mykalus	1	10
GHideas	1	41
giorgiotedx	1	14
tikkers	1	128
DrinkPhilly	1	14
kpgalligan	1	17
KaroMeowxD	1	33
dens	1	437
azriame	1	6
pascalkropf	1	25
BrittonClark	1	38
norcross	1	25
MissWorldChile	1	7
tomastokarcik	1	5
vnsuckhoe	1	28
rodneyfrazier	1	62
pargilo	1	2
Los_corrales	1	5
franciscamusic	1	48
landlordgame	1	48
Gioxx	1	30
soycooper	1	53
NeilLasher	1	7
Harleyj237	1	65
The_Jenius	1	31
veronikalosova	1	13
Niketa	1	135
gregmaughan	1	3
ChefTonyTobin	1	8
linazza	1	5
Justushammond	1	16
mikescollins	1	26
creativemorning	1	34
FrugalTravelGuy	1	62
itwentviral	1	44
CalvinMoree	1	11
janieliz19	1	42
curtisraye	1	26
ToreyRocks	1	41
taps	1	42
MischiefinVegas	1	13
S_Wash	1	57
VNL	1	124
GoNabit	1	4
KariDilloo	1	26
Supersamsays	1	24
Reworle	1	9
Man_Arenas	1	15
tozzifan89	1	1
teeco71	1	212
jaketweetwell	1	10
BeTheMedia	1	189
darrelwf	1	19
EatingItUp	1	56
misterboh	1	83
JessicaQChen	1	33
nashvillesymph	1	37
arielraks	1	42
JorgeMurder	1	10
FitandFreeEmily	1	42
atlimbo	1	41
wonbprof	1	12
chaptwo	1	60
Chiqee	1	89
kylebunch	1	12
resplendentlyme	1	56
RitzCarlton	1	126
JALCF82	1	11
Crocs	1	61
krynsky	1	90
carriekerpen	1	134
WedgeLee	1	107
autumndwright	1	3
serhad_a	1	16
HeyDong	1	49
karen_bible	1	13
allimooney	1	80
keshasuxx	1	149
BethAvner	1	11
eddermarinn	1	19
KidRock	1	32
Teenager86	1	13
grouchomax	1	7
Cigarcurator	1	34
tobyd	1	136
ElspethNolen	1	44
shl	1	100
taydan05	1	8
lilsmarsh	1	30
Forgen	1	22
thered18	1	10
parentsmagazine	1	109
MikeSchiemer	1	144
stephiesosexy	1	1
RacquetClubAP	1	10
edkless	1	14
KarloCalo	1	6
SuperStar4428	1	20
RuRoulette	1	2
zeevimichel	1	8
klauseck	1	36
TechCocktail	1	241
solesociety	1	19
danloney	1	5
spin1038	1	14
andedb	1	29
Charles_Garc1a	1	1
shaanhaider	1	110
Sammm_30	1	2
weedmaps	1	11
kevin_goldberg	1	46
rgunhold	1	42
maddow	1	437
lizstrauss	1	487
mind4	1	18
L2_ThinkTank	1	111
ale_dalfiu	1	9
DavidPessah	1	95
JadeThirlwall13	1	12
BradPaisley	1	86
swetha728	1	8
Harvard	1	94
GMakesIceCream	1	6
FrancisChoe	1	52
Celestfoo	1	23
scottespinosa	1	2
j_hershh	1	5
TiEUnited	1	100
dannylondon	1	21
CastleResorts	1	29
ProteinWrangler	1	15
v_pendleton	1	14
SimonWetherell	1	53
diamondmind50	1	15
MyBaybah	1	95
glovejoy09	1	5
astinajerov	1	7
jimohagan	1	8
nihalmehta	1	151
Miro_Bear	1	13
jenafuur	1	2
BillionSuccess	1	16
MissKelly1022	1	30
jakubptacin	1	10
EdwardSantillan	1	16
IraisFaura	1	13
TitoNugroho11	1	33
ArceoSilvestre	1	6
DelexGomez	1	33
LocavoreBlog	1	26
inthecompanyof	1	69
beansbaxter	1	5
doubletree	1	175
YouTern	1	62
AlexRedmond	1	29
katieheines	1	9
micotanner	1	4
UDCourtyard	1	45
KetherineEvelyn	1	42
DanielNavarroBR	1	1
NickyChips	1	33
christincross	1	22
Decanter	1	25
giopaduano	1	15
simoneTB	1	24
F1_Deals	1	172
Matik72	1	26
sarahmccoll	1	27
lindsaykap	1	37
BellagioLV	1	71
joha99	1	10
NMatoneng	1	49
RaviMongia	1	17
VagabnDetroiter	1	20
CarolMcCrea1	1	3
michelreverte	1	258
FrizziFace	1	20
UMG	1	79
NewTimesStreet	1	22
CarrieLuver	1	76
goldbondpowder	1	3
NipTuman	1	3
EsmeInfanteNii	1	108
szeliu	1	154
rich1	1	46
DrMwba	1	17
CraftAlliance	1	9
redbullrecords	1	67
phillyfreedm	1	58
JalangoMwenyewe	1	3
ano_dicini	1	8
fondalo	1	276
colormeawesm	1	9
rssnest	1	2
jacksonjey	1	52
SARiverwalkFun	1	2
SEA_HappyHour	1	90
Steve_Campbell	1	153
Catahouligan	1	53
raphaellelaubie	1	38
magnoliabakery	1	103
ashlietsurusaki	1	7
SpringCreekGrp	1	80
InboundMarketer	1	36
harlanvaughn	1	41
care_neth	1	13
gannonmark99	1	5
netanyahu	1	22
NobodyListen1	1	3
MeCharhandbags	1	17
joewmarshall	1	12
_foreverfit	1	11
ConstantiaPS	1	37
davjphillips	1	17
DoctorTomi	1	1
eeyore110	1	5
AlainaRivas	1	46
raihan_gazerock	1	5
KentSpeakman	1	191
mineall5	1	7
Stylaura	1	21
3rdWaveFashion	1	27
homesicktexan	1	32
tjdaniel	1	12
Sinaga_Reztu	1	15
bharrier	1	25
Cantinero45	1	5
JohnD1972	1	11
salvadorbruno	1	8
ScottBarnes	1	84
KatieFitz_	1	8
vogue_italia	1	58
rtgiordano	1	12
MutahiNgunyi	1	10
ningbosteve	1	113
InsperityJobs	1	34
Cpwaa	1	15
j_nocella	1	49
racingtales	1	80
eleanorbro	1	9
pamelamaeross	1	64
OsteoMedSOURCE	1	4
totallymorgan	1	46
Analyticus	1	94
SteelersUpdate	1	3
DawnHibbs	1	6
Macys	1	130
ArtSymphony1	1	6
zane_95	1	90
ReflectItwear	1	11
studiomuseco	1	42
phillipsderrick	1	3
jimmysfarm	1	20
Coxite	1	5
itslevytraya	1	25
WhatsAppDice	1	9
Kevin_M_King	1	17
Tottums	1	27
LMSAgency	1	25
TheOriginalEB	1	48
andrewphelps	1	59
KerriHay	1	14
FerrazziGiulia	1	5
4sqdayita	1	34
kennyng29	1	49
alondrisjessyho	1	3
birlilliputkul	1	1
me_Max	1	32
StefanoScetti	1	12
mtmdphd	1	22
christ_heldy87	1	4
teddy777	1	110
mattyb123	1	67
angularism	1	26
CarissaAnneB	1	107
BadAzzHell____1	1	8
bigapplevoice	1	30
Etsy	1	403
H_Bucher	1	21
glumobile	1	49
niedro	1	21
alexorlando	1	7
srinaldi	1	49
iAlen	1	102
msimp	1	8
Jniedfeldt	1	14
LDUB328	1	5
Tom_Nguyen_	1	41
staceyngo	1	11
JoyOfHawaii	1	22
tyang209	1	19
lukasjanousek	1	6
MTV	1	464
mtnspring	1	47
smurfs_bikini	1	24
MikePosner	1	92
gossipbooy	1	25
stonemtn	1	8
urbanhiker	1	14
TheSkiChannel	1	33
juanjsouto	1	11
daniturn3	1	102
champagnehouses	1	64
stevegarfield	1	424
ChizelleSSalter	1	8
QueenJaimi	1	40
AdamStorr	1	22
mrflyycampbell	1	12
bigdrew	1	11
CarlM3	1	11
coachniquenya	1	12
ryanglasgow	1	39
ThisIsSTONE	1	14
TheHeightsPatch	1	21
blaket26	1	5
loveTaza	1	16
zombalia	1	18
KristinaSpinney	1	9
DusanMurco	1	29
mpie8	1	3
iconjane	1	11
sproutedkitchen	1	14
smc_la	1	55
crossga	1	126
davedelaney	1	221
melissa_mjp	1	4
mbmakara	1	23
GrayMalin	1	7
JuiceExperiment	1	34
ChiCityLimits	1	13
redbookmag	1	81
mrlerner	1	29
sjjs207	1	61
Kar_inthegarage	1	55
KatrinaAJohnson	1	4
alyandajfanatic	1	4
kayt_marie	1	9
LetItWillBeSD	1	7
midtownlunchLA	1	31
The_Real_Rosen	1	8
francescafabbri	1	34
wmr11	1	135
BettyMWhite	1	147
DepressedDarth	1	44
dementisdoug	1	17
nourbear	1	4
SocialSavvyGeek	1	171
runfastmama	1	57
felicia_carmela	1	8
wef	1	21
Phils08champs	1	19
muralibala	1	51
Serna_ALLday	1	63
karengarcia	1	21
YouTube	1	897
TwitterBooks	1	24
Modern_Gent	1	29
nikkiv17	1	60
simoniven	1	4
TinoKuehnel	1	29
MieMitUt	1	22
Starbucks	1	846
melissalicia512	1	51
arditasari	1	42
fernandorunaway	1	8
johncpacker	1	84
RudoMedina	1	40
lizasperling	1	139
thomyi	1	53
Bsimi	1	147
meghanbpetersen	1	6
IHRA	1	35
VisitCedarHill	1	6
Getlikeme20123	1	16
TasteDublin	1	7
mauriciobritto5	1	1
ThinkNewMedia	1	108
LaurenAPN	1	34
JasynC66	1	9
BradSakamoto	1	16
EMS_Kenya	1	12
GiraffeRE	1	5
elfolen	1	27
TheDailyMel	1	34
sharkbait10	1	22
RAFIZUL	1	82
InTheSceneMIAMI	1	7
tgdietz	1	93
TempeTourism	1	35
myr_garrido	1	3
dereklombard	1	16
will_hines	1	12
FranceAlaine	1	13
shuggilippo	1	61
sijj786	1	22
jamieoliver	1	464
umdeema	1	55
PjSilky	1	7
LizDiAlto	1	44
KAYAK	1	214
BrunoFigueiredo	1	45
Jubbabubba	1	101
cinzmeister	1	16
armano	1	344
sharanyanlk	1	71
brendamontreal	1	21
JamieHayesArt	1	2
ganagan_osd	1	5
nekonera	1	2
SPINmagazine	1	140
FozzyFloozie500	1	36
_somu_	1	15
Steve2509	1	3
so0fly	1	5
VaBeachSunrise	1	73
TLCandYOU	1	58
agnewfarms	1	84
princesshu	1	2
KMSieminski	1	40
waydavis	1	71
Babbo_Natale_	1	3
WezG	1	133
Zedd	1	47
FMXOnline	1	6
inyomido	1	13
benjaminmejias	1	23
Ambi_Bambi	1	34
pulcrapuella	1	72
cc_chapman	1	544
RunningRachel	1	70
4sqJapan	1	8
JesperSMogensen	1	28
ruivelosomx	1	110
RipleyPickles	1	26
Titianignacio	1	12
michelle_tundan	1	78
lovejaycakes	1	11
DaniaEdibleHI	1	79
apacheman	1	31
NW_Music_Scene	1	43
USSAstaffing	1	2
KendrickLamaaar	1	1
JEFFHARDYBRAND	1	16
danielbru	1	347
SunnieSouthern	1	25
emanisalon	1	49
percolate	1	52
ilovegarick	1	86
joshknowles	1	41
philvollman	1	35
ChrisEspinosaO	1	3
munhitsu	1	5
measureCP	1	74
DustinJMcClure	1	61
Scobleizer	1	836
PeGGY_300	1	4
TendAsesores	1	37
BigEasty	1	6
victoriamargaux	1	43
TheonlyJGrant	1	21
_pius	1	59
VegaTeam	1	117
Ivonamission	1	7
awakeningaimee	1	308
FortuneMagazine	1	257
FredZimny	1	35
joven_y_alocada	1	19
aliciakeys	1	321
JazzNowSeattle	1	2
trampish	1	72
giantsbook	1	4
amnesty	1	135
CrazyStonePub	1	7
kyledeb	1	14
Nightwing16	1	54
victoriabeckham	1	260
BiGG08G8	1	18
KISS_Janitorial	1	13
ped_sard	1	6
UW	1	56
ilknurakcayy	1	14
YerpTimmyVee	1	14
bobnocek	1	26
JRACHELLE7	1	1
Danny_Fitton	1	12
Treqqer	1	11
c2cali	1	25
susie_parker	1	109
RenHotels	1	100
PerlsOfWisdom	1	100
JeffInsell	1	2
AmyVernon	1	188
Gartner_inc	1	93
DayOwl89	1	3
DearMilSpouse	1	3
obrats	1	17
ohjuara	1	1
katyrlynch	1	24
R_Fitness	1	7
irisisa	1	28
noprizal17	1	1
Cornell	1	23
AzRED256	1	4
timarmstrongaol	1	17
EverydayHealth	1	145
chronic	1	82
TheExactLee	1	51
Skrillex	1	187
mikeindustries	1	53
arielcoro	1	21
BrewDrees504	1	6
Jen_Corn	1	6
jimbradysp	1	75
grahamlang	1	126
AlwaysJLover	1	52
mikedreyden	1	17
phillygrub	1	54
indybootcamps	1	36
ryanjz	1	114
AzitaGhanizada	1	18
torrenegra	1	41
CamPlommer	1	22
BananaBuzzbomb	1	70
jwillie	1	161
StayHeated	1	4
alexandrak	1	36
Kitchensurfing	1	16
Vegas	1	191
bbcworldservice	1	26
Xi_Bieber	1	9
JoelBurns	1	100
Britopian	1	223
letslot	1	119
808SHINE	1	10
DanielleMorrill	1	216
DukeU	1	11
vvpreetham	1	6
mtn_dew	1	73
tomtomcologne	1	34
emmarocks	1	35
Todd1HHD	1	45
JensonButton	1	58
6micfilms	1	16
SamehFanan	1	17
RickyRiquelme_	1	71
ashleyborden	1	68
PeterGMcDermott	1	26
milestimothy	1	5
NORHANYNY	1	18
wheart6	1	7
DG0213	1	64
kinamalie	1	29
GayeCrispin	1	142
luciencoy	1	34
MaileShoul	1	19
hc	1	78
gabevidal	1	33
WineEnthusiast	1	126
MammothMountain	1	58
CarlosMiranda	1	20
JBoydNI	1	16
RickDanielsFM	1	10
joelgascoigne	1	85
phidelt	1	8
Johnny_Dubois	1	1
JosselinMo	1	5
NaneGuardiola	1	1
BuzzFeed	1	350
Jociito	1	7
JasonWu	1	59
Mariners	1	87
TechFrog	1	232
WallyParkSEA	1	28
matty_yu	1	11
ArnoldvSabben	1	46
seriouseats	1	201
stefansabo	1	6
SarahDayOwen	1	53
oldajis	1	18
joshdeckerdal	1	61
ReneeGannon	1	64
SUITERYDETAXI	1	20
TheBespokebloke	1	57
CityTravellerUK	1	42
fimoculous	1	123
steelcitydiva	1	37
schuylerdeerman	1	8
michelle_o	1	1
TeriReeves	1	4
MensHealthMag	1	272
PalazzoLasVegas	1	100
baurogue2012	1	10
PjPanigi	1	11
sooinny	1	2
Wolftux	1	3
ijoe13	1	15
Rooominaa	1	33
robknapton	1	24
shaynesanderson	1	14
Zipcar	1	190
imransajad	1	3
RSALISTSERVICES	1	33
Sunny1051	1	6
Pufferfish	1	26
lukexmartin	1	24
thenicolebusch	1	20
hmusa	1	96
Fight4Wellness	1	57
joshuaseale	1	23
benzado	1	22
AndrewVest	1	130
3000milesNorth	1	28
xyzshow	1	24
revmak	1	10
WineLibrary	1	61
GiGiHadid	1	14
JessicaEnnisNet	1	8
Cloggin	1	48
Sethdreidelhill	1	19
branch	1	124
Desk	1	125
johnbiggs	1	137
GoSeeDoTravel	1	41
JanoCruces	1	11
inglec	1	13
bhaugh	1	16
LilyShumLeung	1	21
LusciousNYC	1	23
Lushaj	1	3
isurrender	1	7
TATARMAMA	1	95
Kearnold87	1	18
badboyspike	1	3
speednoise	1	10
mouselink	1	82
MellowAZ	1	37
hayPett	1	48
highsnobiety	1	70
hoteleuphoria	1	19
roicayo	1	32
memelaroo	1	65
girlsgonesporty	1	74
AlvinMcBeal	1	6
adrianatkinson	1	23
MsNelly21	1	44
SkirtPR	1	40
PELON8	1	12
TikiAmy1	1	16
jkennedy93	1	51
aeer69	1	4
KRaww_	1	5
slidestream	1	20
nakiasideas	1	51
ThrowSome1s	1	58
owenthomas	1	168
Nick_Gibson_	1	19
krystyl	1	137
Samsungtweets	1	303
Lipmeed	1	48
Photo_Lor	1	13
olemissrx94	1	76
GiltCityNYC	1	85
natalielent	1	72
chrislatimer1	1	17
